job_id,job_title,company,job_location,role_category,job_level,job_type,first_seen,source,month,quarter
JOB-00001,Analytics Analyst,Tokopedia,"Jakarta, Indonesia",Data Analyst,Associate,Freelance,2024-05-20,Kaggle-LinkedIn-Synthetic,5,2
JOB-00002,Business Data Analyst,Gojek,"Yogyakarta, Indonesia",Data Analyst,Associate,Full-time,2024-07-03,Kaggle-LinkedIn-Synthetic,7,3
JOB-00003,Bi Analyst,OCBC,"Bandung, Indonesia",Data Analyst,Mid-Senior level,Part-time,2024-01-16,Kaggle-LinkedIn-Synthetic,1,1
JOB-00004,Business Data Analyst,Bank Mandiri,"Sydney, Australia",Data Analyst,Associate,Full-time,2024-11-04,Kaggle-LinkedIn-Synthetic,11,4
JOB-00005,Lead Data Analyst,Bukalapak,,Data Analyst,Director,Internship,2024-07-03,Kaggle-LinkedIn-Synthetic,7,3
JOB-00006,Business Data Analyst,Standard Chartered,"Seoul, South Korea",Data Analyst,Mid-Senior level,Full-time,2024-05-22,Kaggle-LinkedIn-Synthetic,5,2
JOB-00007,Senior Data Analyst,OCBC,"New York, Ny",Data Analyst,Associate,Full-time,2024-05-22,Kaggle-LinkedIn-Synthetic,5,2
JOB-00008,Business Data Analyst,IBM,"Yogyakarta, Indonesia",Data Analyst,Associate,Full-time,2024-07-03,Kaggle-LinkedIn-Synthetic,7,3
JOB-00009,Junior Data Analyst,Samsung,"Seattle, Wa",Data Analyst,Director,Full-time,2024-11-05,Kaggle-LinkedIn-Synthetic,11,4
JOB-00010,Data Analyst,Flipkart,"Tokyo, Japan",Data Analyst,Associate,Freelance,2024-03-04,Kaggle-LinkedIn-Synthetic,3,1
JOB-00011,Junior Data Analyst,Mckinsey,Hybrid - Jakarta,Data Analyst,Executive,Full-time,2024-11-12,Kaggle-LinkedIn-Synthetic,11,4
JOB-00012,Bi Analyst,Bukalapak,"Surabaya, Indonesia",Data Analyst,Mid-Senior level,Full-time,2024-01-24,Kaggle-LinkedIn-Synthetic,1,1
JOB-00013,Marketing Data Analyst,Netflix,"Kuala Lumpur, Malaysia",Data Analyst,Mid-Senior level,Internship,2024-07-03,Kaggle-LinkedIn-Synthetic,7,3
JOB-00014,Marketing Data Analyst,Flipkart,Hybrid - Jakarta,Data Analyst,Entry level,Full-time,2024-07-05,Kaggle-LinkedIn-Synthetic,7,3
JOB-00015,Financial Data Analyst,Samsung,Singapore,Data Analyst,Associate,Full-time,2024-12-09,Kaggle-LinkedIn-Synthetic,12,4
JOB-00016,Data Insights Analyst,Apple,Remote,Data Analyst,Mid-Senior level,Full-time,2024-11-21,Kaggle-LinkedIn-Synthetic,11,4
JOB-00017,Lead Data Analyst,Telkom Indonesia,"Medan, Indonesia",Data Analyst,Entry level,Full-time,2024-08-24,Kaggle-LinkedIn-Synthetic,8,3
JOB-00018,Marketing Data Analyst,Bank Mandiri,Hybrid - Singapore,Data Analyst,Director,Internship,2024-06-15,Kaggle-LinkedIn-Synthetic,6,2
JOB-00019,Business Data Analyst,Amazon,"New York, Ny",Data Analyst,Mid-Senior level,Full-time,2024-07-24,Kaggle-LinkedIn-Synthetic,7,3
JOB-00020,Junior Data Analyst,Bank Bca,"Seoul, South Korea",Data Analyst,Entry level,Full-time,2024-07-03,Kaggle-LinkedIn-Synthetic,7,3
JOB-00021,Analytics Analyst,OVO,"Austin, Tx",Data Analyst,Mid-Senior level,Contract,2024-07-03,Kaggle-LinkedIn-Synthetic,7,3
JOB-00022,Senior Data Analyst,Astra International,Remote,Data Analyst,Mid-Senior level,Full-time,2024-05-06,Kaggle-LinkedIn-Synthetic,5,2
JOB-00023,Data Insights Analyst,OCBC,,Data Analyst,Mid-Senior level,Internship,2024-07-23,Kaggle-LinkedIn-Synthetic,7,3
JOB-00024,Business Data Analyst,Gojek,"Sydney, Australia",Data Analyst,Mid-Senior level,Full-time,2024-07-03,Kaggle-LinkedIn-Synthetic,7,3
JOB-00025,Data Analyst,Tokopedia,"Bali, Indonesia",Data Analyst,Mid-Senior level,Full-time,2024-07-03,Kaggle-LinkedIn-Synthetic,7,3
JOB-00026,Analytics Analyst,OCBC,Remote,Data Analyst,Associate,Internship,2024-02-02,Kaggle-LinkedIn-Synthetic,2,1
JOB-00027,Data Analyst Intern,Flipkart,Hybrid- Singapore,Data Analyst,Entry level,Full-time,2024-05-08,Kaggle-LinkedIn-Synthetic,5,2
JOB-00028,Analytics Analyst,Tokopedia,Hybrid - Singapore,Data Analyst,Mid-Senior level,Full-time,2024-07-03,Kaggle-LinkedIn-Synthetic,7,3
JOB-00029,Analytics Analyst,IBM,"Yogyakarta, Indonesia",Data Analyst,Entry level,Full-time,2024-05-30,Kaggle-LinkedIn-Synthetic,5,2
JOB-00030,Senior Data Analyst,Flipkart,"Jakarta, Indonesia",Data Analyst,Associate,Full-time,2024-05-14,Kaggle-LinkedIn-Synthetic,5,2
JOB-00031,Lead Data Analyst,Spotify,Hybrid - Jakarta,Data Analyst,Executive,Internship,2024-06-01,Kaggle-LinkedIn-Synthetic,6,2
JOB-00032,Senior Data Analyst,Unilever,,Data Analyst,Mid-Senior level,Contract,2024-10-03,Kaggle-LinkedIn-Synthetic,10,4
JOB-00033,Bi Analyst,Accenture,,Data Analyst,Entry level,Full-time,2024-01-10,Kaggle-LinkedIn-Synthetic,1,1
JOB-00034,Financial Data Analyst,Pwc,"Kuala Lumpur, Malaysia",Data Analyst,Director,Internship,2024-07-03,Kaggle-LinkedIn-Synthetic,7,3
JOB-00035,Bi Analyst,Netflix,"Surabaya, Indonesia",Data Analyst,Mid-Senior level,Full-time,2024-07-03,Kaggle-LinkedIn-Synthetic,7,3
JOB-00036,Lead Data Analyst,Gojek,"Bali, Indonesia",Data Analyst,Mid-Senior level,Part-time,2024-12-03,Kaggle-LinkedIn-Synthetic,12,4
JOB-00037,Lead Data Analyst,Grab,Remote,Data Analyst,Director,Full-time,2024-09-27,Kaggle-LinkedIn-Synthetic,9,3
JOB-00038,Business Data Analyst,Bukalapak,,Data Analyst,Associate,Internship,2024-07-23,Kaggle-LinkedIn-Synthetic,7,3
JOB-00039,Associate Data Analyst,Linkaja,"Berlin, Germany",Data Analyst,Mid-Senior level,Full-time,2024-03-02,Kaggle-LinkedIn-Synthetic,3,1
JOB-00040,Business Data Analyst,Apple,,Data Analyst,Associate,Full-time,2024-01-11,Kaggle-LinkedIn-Synthetic,1,1
JOB-00041,Bi Analyst,Bank Mandiri,"Jakarta, Indonesia",Data Analyst,Entry level,Full-time,2024-02-06,Kaggle-LinkedIn-Synthetic,2,1
JOB-00042,Business Data Analyst,Apple,"Bandung, Indonesia",Data Analyst,Executive,Part-time,2024-06-18,Kaggle-LinkedIn-Synthetic,6,2
JOB-00043,Lead Data Analyst,Telkom Indonesia,"Bangkok, Thailand",Data Analyst,Executive,Full-time,2024-12-08,Kaggle-LinkedIn-Synthetic,12,4
JOB-00044,Business Data Analyst,Gojek,"Seoul, South Korea",Data Analyst,Entry level,Part-time,2024-10-22,Kaggle-LinkedIn-Synthetic,10,4
JOB-00045,Business Data Analyst,Lazada,"London, Uk",Data Analyst,Associate,Full-time,2024-04-07,Kaggle-LinkedIn-Synthetic,4,2
JOB-00046,Junior Data Analyst,OCBC,"Bandung, Indonesia",Data Analyst,Mid-Senior level,Full-time,2024-07-03,Kaggle-LinkedIn-Synthetic,7,3
JOB-00047,Associate Data Analyst,Meta,,Data Analyst,Associate,Internship,2024-11-30,Kaggle-LinkedIn-Synthetic,11,4
JOB-00048,Data Analyst,Coca-Cola,"New York, Ny",Data Analyst,Director,Full-time,2024-02-25,Kaggle-LinkedIn-Synthetic,2,1
JOB-00049,Business Data Analyst,Bukalapak,"Tokyo, Japan",Data Analyst,Entry level,Full-time,2024-08-17,Kaggle-LinkedIn-Synthetic,8,3
JOB-00050,Data Analyst Intern,Traveloka,"Bangkok, Thailand",Data Analyst,Director,Full-time,2024-08-24,Kaggle-LinkedIn-Synthetic,8,3
JOB-00051,Junior Data Analyst,Standard Chartered,"Tokyo, Japan",Data Analyst,Director,Internship,2024-02-20,Kaggle-LinkedIn-Synthetic,2,1
JOB-00052,Analytics Analyst,Google,"Surabaya, Indonesia",Data Analyst,Associate,Full-time,2024-05-01,Kaggle-LinkedIn-Synthetic,5,2
JOB-00053,Data Analyst Intern,OVO,"Amsterdam, Netherlands",Data Analyst,Entry level,Full-time,2024-04-19,Kaggle-LinkedIn-Synthetic,4,2
JOB-00054,Data Analyst,Grab,"Austin, Tx",Data Analyst,Entry level,Internship,2024-01-02,Kaggle-LinkedIn-Synthetic,1,1
JOB-00055,Marketing Data Analyst,Flipkart,"San Francisco, Ca",Data Analyst,Associate,Full-time,2024-08-04,Kaggle-LinkedIn-Synthetic,8,3
JOB-00056,Senior Data Analyst,Bukalapak,"San Francisco, Ca",Data Analyst,Director,Full-time,2024-04-21,Kaggle-LinkedIn-Synthetic,4,2
JOB-00057,Bi Analyst,Meta,"New York, Ny",Data Analyst,Associate,Full-time,2024-07-03,Kaggle-LinkedIn-Synthetic,7,3
JOB-00058,Bi Analyst,Lazada,"Sydney, Australia",Data Analyst,Mid-Senior level,Full-time,2024-09-28,Kaggle-LinkedIn-Synthetic,9,3
JOB-00059,Data Analyst,Dana,"Surabaya, Indonesia",Data Analyst,Executive,Full-time,2024-04-05,Kaggle-LinkedIn-Synthetic,4,2
JOB-00060,Bi Analyst,Apple,Remote,Data Analyst,Entry level,Full-time,2024-07-03,Kaggle-LinkedIn-Synthetic,7,3
JOB-00061,Junior Data Analyst,Telkom Indonesia,"Seoul, South Korea",Data Analyst,Associate,Full-time,2024-10-31,Kaggle-LinkedIn-Synthetic,10,4
JOB-00062,Bi Analyst,Netflix,"London, Uk",Data Analyst,Mid-Senior level,Full-time,2024-07-03,Kaggle-LinkedIn-Synthetic,7,3
JOB-00063,Marketing Data Analyst,Bank Bca,Hybrid - Singapore,Data Analyst,Mid-Senior level,Full-time,2024-06-09,Kaggle-LinkedIn-Synthetic,6,2
JOB-00064,Marketing Data Analyst,Coca-Cola,,Data Analyst,Mid-Senior level,Full-time,2024-12-09,Kaggle-LinkedIn-Synthetic,12,4
JOB-00065,Associate Data Analyst,Accenture,"Surabaya, Indonesia",Data Analyst,Mid-Senior level,Full-time,2024-01-05,Kaggle-LinkedIn-Synthetic,1,1
JOB-00066,Bi Analyst,Spotify,"Surabaya, Indonesia",Data Analyst,Director,Full-time,2024-10-02,Kaggle-LinkedIn-Synthetic,10,4
JOB-00067,Lead Data Analyst,Astra International,"Bali, Indonesia",Data Analyst,Entry level,Full-time,2024-06-27,Kaggle-LinkedIn-Synthetic,6,2
JOB-00068,Business Data Analyst,Unilever,"San Francisco, Ca",Data Analyst,Director,Contract,2024-03-21,Kaggle-LinkedIn-Synthetic,3,1
JOB-00069,Lead Data Analyst,Pwc,Remote,Data Analyst,Entry level,Contract,2024-11-30,Kaggle-LinkedIn-Synthetic,11,4
JOB-00070,Analytics Analyst,Pwc,"Jakarta, Id",Data Analyst,Entry level,Full-time,2024-02-23,Kaggle-LinkedIn-Synthetic,2,1
JOB-00071,Marketing Data Analyst,Tokopedia,"Yogyakarta, Indonesia",Data Analyst,Associate,Full-time,2024-10-10,Kaggle-LinkedIn-Synthetic,10,4
JOB-00072,Marketing Data Analyst,Mckinsey,Remote,Data Analyst,Mid-Senior level,Full-time,2024-07-03,Kaggle-LinkedIn-Synthetic,7,3
JOB-00073,Business Data Analyst,Astra International,"Sydney, Australia",Data Analyst,Mid-Senior level,Full-time,2024-09-07,Kaggle-LinkedIn-Synthetic,9,3
JOB-00074,Data Analyst,Netflix,Hybrid - Jakarta,Data Analyst,Associate,Part-time,2024-08-04,Kaggle-LinkedIn-Synthetic,8,3
JOB-00075,Data Analyst,Google,"New York, Ny",Data Analyst,Entry level,Contract,2024-03-07,Kaggle-LinkedIn-Synthetic,3,1
JOB-00076,Senior Data Analyst,Standard Chartered,"Tokyo, Japan",Data Analyst,Entry level,Contract,2024-12-27,Kaggle-LinkedIn-Synthetic,12,4
JOB-00077,Lead Data Analyst,Google,"Yogyakarta, Indonesia",Data Analyst,Associate,Freelance,2024-02-08,Kaggle-LinkedIn-Synthetic,2,1
JOB-00078,Lead Data Analyst,Amazon,,Data Analyst,Mid-Senior level,Full-time,2024-07-03,Kaggle-LinkedIn-Synthetic,7,3
JOB-00079,Data Analyst Intern,Gojek,"Bandung, Indonesia",Data Analyst,Entry level,Full-time,2024-06-06,Kaggle-LinkedIn-Synthetic,6,2
JOB-00080,Data Analyst,Samsung,Singapore,Data Analyst,Mid-Senior level,Contract,2024-12-15,Kaggle-LinkedIn-Synthetic,12,4
JOB-00081,Analytics Analyst,Spotify,"Seattle, Wa",Data Analyst,Mid-Senior level,Full-time,2024-10-13,Kaggle-LinkedIn-Synthetic,10,4
JOB-00082,Bi Analyst,Shopee,"Kuala Lumpur, Malaysia",Data Analyst,Entry level,Internship,2024-03-24,Kaggle-LinkedIn-Synthetic,3,1
JOB-00083,Data Analyst Intern,Microsoft,"Medan, Indonesia",Data Analyst,Mid-Senior level,Contract,2024-06-19,Kaggle-LinkedIn-Synthetic,6,2
JOB-00084,Analytics Analyst,Telkom Indonesia,"Bangkok, Thailand",Data Analyst,Mid-Senior level,Full-time,2024-07-03,Kaggle-LinkedIn-Synthetic,7,3
JOB-00085,Data Analyst Intern,Amazon,"Amsterdam, Netherlands",Data Analyst,Mid-Senior level,Contract,2024-04-23,Kaggle-LinkedIn-Synthetic,4,2
JOB-00086,Associate Data Analyst,Samsung,"San Francisco, Ca",Data Analyst,Entry level,Full-time,2024-04-26,Kaggle-LinkedIn-Synthetic,4,2
JOB-00087,Data Analyst,Bukalapak,"Austin, Tx",Data Analyst,Associate,Full-time,2024-06-17,Kaggle-LinkedIn-Synthetic,6,2
JOB-00088,Junior Data Analyst,Deloitte,"Seattle, Wa",Data Analyst,Associate,Full-time,2024-11-24,Kaggle-LinkedIn-Synthetic,11,4
JOB-00089,Analytics Analyst,IBM,"Jakarta, Indonesia",Data Analyst,Associate,Contract,2024-02-29,Kaggle-LinkedIn-Synthetic,2,1
JOB-00090,Senior Data Analyst,Astra International,"Bandung, Indonesia",Data Analyst,Director,Full-time,2024-02-25,Kaggle-LinkedIn-Synthetic,2,1
JOB-00091,Financial Data Analyst,Accenture,"London, Uk",Data Analyst,Mid-Senior level,Internship,2024-11-06,Kaggle-LinkedIn-Synthetic,11,4
JOB-00092,Data Analyst Intern,Bukalapak,"Bangkok, Thailand",Data Analyst,Mid-Senior level,Full-time,2024-01-23,Kaggle-LinkedIn-Synthetic,1,1
JOB-00093,Data Analyst,Linkaja,"Tokyo, Japan",Data Analyst,Associate,Full-time,2024-12-17,Kaggle-LinkedIn-Synthetic,12,4
JOB-00094,Financial Data Analyst,OCBC,"Surabaya, Indonesia",Data Analyst,Director,Full-time,2024-12-06,Kaggle-LinkedIn-Synthetic,12,4
JOB-00095,Bi Analyst,Accenture,,Data Analyst,Mid-Senior level,Full-time,2024-03-04,Kaggle-LinkedIn-Synthetic,3,1
JOB-00096,Lead Data Analyst,Pwc,Hybrid - Singapore,Data Analyst,Mid-Senior level,Internship,2024-07-28,Kaggle-LinkedIn-Synthetic,7,3
JOB-00097,Data Analyst Intern,Mckinsey,"Tokyo, Japan",Data Analyst,Mid-Senior level,Internship,2024-03-06,Kaggle-LinkedIn-Synthetic,3,1
JOB-00098,Data Analyst Intern,P&G,Hybrid - Singapore,Data Analyst,Mid-Senior level,Full-time,2024-03-30,Kaggle-LinkedIn-Synthetic,3,1
JOB-00099,Data Analyst Intern,Google,"San Francisco, Ca",Data Analyst,Associate,Full-time,2024-05-26,Kaggle-LinkedIn-Synthetic,5,2
JOB-00100,Data Analyst Intern,Accenture,"Berlin, Germany",Data Analyst,Mid-Senior level,Full-time,2024-07-03,Kaggle-LinkedIn-Synthetic,7,3
JOB-00101,Analytics Analyst,Bank Bca,,Data Analyst,Mid-Senior level,Full-time,2024-08-30,Kaggle-LinkedIn-Synthetic,8,3
JOB-00102,Analytics Analyst,Netflix,"San Francisco, Ca",Data Analyst,Entry level,Internship,2024-09-20,Kaggle-LinkedIn-Synthetic,9,3
JOB-00103,Junior Data Analyst,Telkom Indonesia,Hybrid - Singapore,Data Analyst,Mid-Senior level,Contract,2024-06-07,Kaggle-LinkedIn-Synthetic,6,2
JOB-00104,Business Data Analyst,Shopee,"Jakarta, Indonesia",Data Analyst,Mid-Senior level,Part-time,2024-01-24,Kaggle-LinkedIn-Synthetic,1,1
JOB-00105,Associate Data Analyst,Apple,"Berlin, Germany",Data Analyst,Associate,Full-time,2024-07-31,Kaggle-LinkedIn-Synthetic,7,3
JOB-00106,Data Insights Analyst,P&G,"Amsterdam, Netherlands",Data Analyst,Executive,Contract,2024-07-23,Kaggle-LinkedIn-Synthetic,7,3
JOB-00107,Senior Data Analyst,Google,"Yogyakarta, Indonesia",Data Analyst,Associate,Full-time,2024-08-05,Kaggle-LinkedIn-Synthetic,8,3
JOB-00108,Senior Data Analyst,Linkaja,"Berlin, Germany",Data Analyst,Mid-Senior level,Full-time,2024-07-03,Kaggle-LinkedIn-Synthetic,7,3
JOB-00109,Junior Data Analyst,Flipkart,"Bali, Indonesia",Data Analyst,Associate,Part-time,2024-08-25,Kaggle-LinkedIn-Synthetic,8,3
JOB-00110,Associate Data Analyst,Dana,"London, Uk",Data Analyst,Mid-Senior level,Contract,2024-10-07,Kaggle-LinkedIn-Synthetic,10,4
JOB-00111,Senior Data Analyst,Lazada,"Berlin, Germany",Data Analyst,Mid-Senior level,Full-time,2024-05-12,Kaggle-LinkedIn-Synthetic,5,2
JOB-00112,Analytics Analyst,Deloitte,"Sydney, Australia",Data Analyst,Mid-Senior level,Full-time,2024-09-05,Kaggle-LinkedIn-Synthetic,9,3
JOB-00113,Marketing Data Analyst,Standard Chartered,"Surabaya, Indonesia",Data Analyst,Director,Full-time,2024-07-03,Kaggle-LinkedIn-Synthetic,7,3
JOB-00114,Marketing Data Analyst,IBM,"New York, Ny",Data Analyst,Mid-Senior level,Internship,2024-10-03,Kaggle-LinkedIn-Synthetic,10,4
JOB-00115,Senior Data Analyst,Shopee,"Kuala Lumpur, Malaysia",Data Analyst,Director,Full-time,2024-07-15,Kaggle-LinkedIn-Synthetic,7,3
JOB-00116,Data Insights Analyst,Bank Bca,Hybrid - Jakarta,Data Analyst,Mid-Senior level,Internship,2024-07-31,Kaggle-LinkedIn-Synthetic,7,3
JOB-00117,Financial Data Analyst,Flipkart,"London, Uk",Data Analyst,Entry level,Full-time,2024-07-03,Kaggle-LinkedIn-Synthetic,7,3
JOB-00118,Data Analyst Intern,P&G,"Seoul, South Korea",Data Analyst,Associate,Full-time,2024-12-22,Kaggle-LinkedIn-Synthetic,12,4
JOB-00119,Bi Analyst,P&G,"Amsterdam, Netherlands",Data Analyst,Mid-Senior level,Full-time,2024-01-04,Kaggle-LinkedIn-Synthetic,1,1
JOB-00120,Marketing Data Analyst,P&G,"London, Uk",Data Analyst,Associate,Full-time,2024-10-02,Kaggle-LinkedIn-Synthetic,10,4
JOB-00121,Associate Data Analyst,Bank Mandiri,"Bangkok, Thailand",Data Analyst,Mid-Senior level,Full-time,2024-08-11,Kaggle-LinkedIn-Synthetic,8,3
JOB-00122,Data Analyst,P&G,"New York, Ny",Data Analyst,Associate,Full-time,2024-12-08,Kaggle-LinkedIn-Synthetic,12,4
JOB-00123,Data Insights Analyst,Grab,"Berlin, Germany",Data Analyst,Entry level,Internship,2024-07-03,Kaggle-LinkedIn-Synthetic,7,3
JOB-00124,Data Analyst Intern,Microsoft,"Surabaya, Indonesia",Data Analyst,Entry level,Contract,2024-11-25,Kaggle-LinkedIn-Synthetic,11,4
JOB-00125,Senior Data Analyst,Flipkart,"Medan, Indonesia",Data Analyst,Entry level,Full-time,2024-01-26,Kaggle-LinkedIn-Synthetic,1,1
JOB-00126,Data Analyst Intern,Accenture,Singapore,Data Analyst,Mid-Senior level,Full-time,2024-07-03,Kaggle-LinkedIn-Synthetic,7,3
JOB-00127,Financial Data Analyst,P&G,"Bandung, Indonesia",Data Analyst,Mid-Senior level,Full-time,2024-08-03,Kaggle-LinkedIn-Synthetic,8,3
JOB-00128,Junior Data Analyst,Lazada,,Data Analyst,Mid-Senior level,Full-time,2024-10-03,Kaggle-LinkedIn-Synthetic,10,4
JOB-00129,Financial Data Analyst,Bank Mandiri,Hybrid - Jakarta,Data Analyst,Director,Internship,2024-02-05,Kaggle-LinkedIn-Synthetic,2,1
JOB-00130,Data Analyst,Telkom Indonesia,Singapore,Data Analyst,Entry level,Internship,2024-01-11,Kaggle-LinkedIn-Synthetic,1,1
JOB-00131,Business Data Analyst,Gojek,"Amsterdam, Netherlands",Data Analyst,Mid-Senior level,Full-time,2024-12-08,Kaggle-LinkedIn-Synthetic,12,4
JOB-00132,Bi Analyst,Bank Bca,"Berlin, Germany",Data Analyst,Mid-Senior level,Full-time,2024-12-24,Kaggle-LinkedIn-Synthetic,12,4
JOB-00133,Financial Data Analyst,Grab,Remote,Data Analyst,Mid-Senior level,Full-time,2024-11-06,Kaggle-LinkedIn-Synthetic,11,4
JOB-00134,Senior Data Analyst,Pwc,"Yogyakarta, Indonesia",Data Analyst,Associate,Part-time,2024-10-23,Kaggle-LinkedIn-Synthetic,10,4
JOB-00135,Marketing Data Analyst,P&G,"Austin, Tx",Data Analyst,Mid-Senior level,Full-time,2024-04-11,Kaggle-LinkedIn-Synthetic,4,2
JOB-00136,Bi Analyst,Telkom Indonesia,"Yogyakarta, Indonesia",Data Analyst,Associate,Part-time,2024-07-03,Kaggle-LinkedIn-Synthetic,7,3
JOB-00137,Analytics Analyst,Tokopedia,,Data Analyst,Mid-Senior level,Internship,2024-01-22,Kaggle-LinkedIn-Synthetic,1,1
JOB-00138,Lead Data Analyst,OCBC,Hybrid - Singapore,Data Analyst,Entry level,Full-time,2024-07-08,Kaggle-LinkedIn-Synthetic,7,3
JOB-00139,Lead Data Analyst,IBM,"Jakarta, Indonesia",Data Analyst,Entry level,Contract,2024-08-03,Kaggle-LinkedIn-Synthetic,8,3
JOB-00140,Junior Data Analyst,OCBC,"Seattle, Wa",Data Analyst,Associate,Full-time,2024-11-21,Kaggle-LinkedIn-Synthetic,11,4
JOB-00141,Data Insights Analyst,Shopee,,Data Analyst,Mid-Senior level,Part-time,2024-03-31,Kaggle-LinkedIn-Synthetic,3,1
JOB-00142,Bi Analyst,Lazada,"Berlin, Germany",Data Analyst,Mid-Senior level,Full-time,2024-08-11,Kaggle-LinkedIn-Synthetic,8,3
JOB-00143,Financial Data Analyst,Telkom Indonesia,"Surabaya, Indonesia",Data Analyst,Associate,Internship,2024-07-03,Kaggle-LinkedIn-Synthetic,7,3
JOB-00144,Business Data Analyst,Flipkart,"Seoul, South Korea",Data Analyst,Entry level,Contract,2024-07-03,Kaggle-LinkedIn-Synthetic,7,3
JOB-00145,Financial Data Analyst,Microsoft,"Amsterdam, Netherlands",Data Analyst,Entry level,Full-time,2024-06-15,Kaggle-LinkedIn-Synthetic,6,2
JOB-00146,Associate Data Analyst,Bank Bca,"Seattle, Wa",Data Analyst,Mid-Senior level,Full-time,2024-05-12,Kaggle-LinkedIn-Synthetic,5,2
JOB-00147,Marketing Data Analyst,Deloitte,"Tokyo, Japan",Data Analyst,Mid-Senior level,Full-time,2024-01-06,Kaggle-LinkedIn-Synthetic,1,1
JOB-00148,Junior Data Analyst,Telkom Indonesia,"London, Uk",Data Analyst,Entry level,Full-time,2024-09-07,Kaggle-LinkedIn-Synthetic,9,3
JOB-00149,Data Insights Analyst,Lazada,Hybrid- Singapore,Data Analyst,Mid-Senior level,Contract,2024-07-03,Kaggle-LinkedIn-Synthetic,7,3
JOB-00150,Associate Data Analyst,Microsoft,"Surabaya, Indonesia",Data Analyst,Associate,Full-time,2024-05-30,Kaggle-LinkedIn-Synthetic,5,2
JOB-00151,Data Analyst Intern,Telkom Indonesia,,Data Analyst,Associate,Full-time,2024-12-05,Kaggle-LinkedIn-Synthetic,12,4
JOB-00152,Associate Data Analyst,Linkaja,,Data Analyst,Associate,Full-time,2024-08-05,Kaggle-LinkedIn-Synthetic,8,3
JOB-00153,Financial Data Analyst,Flipkart,"Bangkok, Thailand",Data Analyst,Associate,Internship,2024-06-05,Kaggle-LinkedIn-Synthetic,6,2
JOB-00154,Business Data Analyst,Tokopedia,Singapore,Data Analyst,Associate,Internship,2024-06-10,Kaggle-LinkedIn-Synthetic,6,2
JOB-00155,Data Insights Analyst,Traveloka,Singapore,Data Analyst,Mid-Senior level,Contract,2024-04-20,Kaggle-LinkedIn-Synthetic,4,2
JOB-00156,Marketing Data Analyst,Linkaja,Remote,Data Analyst,Mid-Senior level,Full-time,2024-05-24,Kaggle-LinkedIn-Synthetic,5,2
JOB-00157,Business Data Analyst,Mckinsey,,Data Analyst,Entry level,Freelance,2024-07-03,Kaggle-LinkedIn-Synthetic,7,3
JOB-00158,Marketing Data Analyst,Google,"Tokyo, Japan",Data Analyst,Mid-Senior level,Full-time,2024-07-03,Kaggle-LinkedIn-Synthetic,7,3
JOB-00159,Data Analyst,Meta,"Tokyo, Japan",Data Analyst,Mid-Senior level,Full-time,2024-05-29,Kaggle-LinkedIn-Synthetic,5,2
JOB-00160,Analytics Analyst,OVO,"Yogyakarta, Indonesia",Data Analyst,Director,Full-time,2024-01-07,Kaggle-LinkedIn-Synthetic,1,1
JOB-00161,Associate Data Analyst,Lazada,"Jakarta, Id",Data Analyst,Associate,Full-time,2024-06-23,Kaggle-LinkedIn-Synthetic,6,2
JOB-00162,Data Analyst,Astra International,"Jakarta, Indonesia",Data Analyst,Mid-Senior level,Full-time,2024-02-28,Kaggle-LinkedIn-Synthetic,2,1
JOB-00163,Data Analyst Intern,OVO,"Surabaya, Indonesia",Data Analyst,Mid-Senior level,Full-time,2024-10-22,Kaggle-LinkedIn-Synthetic,10,4
JOB-00164,Senior Data Analyst,Shopee,"Seoul, South Korea",Data Analyst,Entry level,Full-time,2024-06-04,Kaggle-LinkedIn-Synthetic,6,2
JOB-00165,Business Data Analyst,Tokopedia,"Tokyo, Japan",Data Analyst,Associate,Full-time,2024-08-01,Kaggle-LinkedIn-Synthetic,8,3
JOB-00166,Lead Data Analyst,P&G,"Berlin, Germany",Data Analyst,Mid-Senior level,Full-time,2024-08-14,Kaggle-LinkedIn-Synthetic,8,3
JOB-00167,Bi Analyst,OCBC,"San Francisco, Ca",Data Analyst,Associate,Full-time,2024-07-03,Kaggle-LinkedIn-Synthetic,7,3
JOB-00168,Bi Analyst,Spotify,Singapore,Data Analyst,Executive,Full-time,2024-11-16,Kaggle-LinkedIn-Synthetic,11,4
JOB-00169,Marketing Data Analyst,Netflix,"Medan, Indonesia",Data Analyst,Mid-Senior level,Full-time,2024-07-03,Kaggle-LinkedIn-Synthetic,7,3
JOB-00170,Lead Data Analyst,Apple,,Data Analyst,Entry level,Freelance,2024-01-02,Kaggle-LinkedIn-Synthetic,1,1
JOB-00171,Associate Data Analyst,Lazada,"San Francisco, Ca",Data Analyst,Director,Full-time,2024-01-17,Kaggle-LinkedIn-Synthetic,1,1
JOB-00172,Marketing Data Analyst,Mckinsey,"Berlin, Germany",Data Analyst,Mid-Senior level,Internship,2024-02-06,Kaggle-LinkedIn-Synthetic,2,1
JOB-00173,Marketing Data Analyst,Bukalapak,"London, Uk",Data Analyst,Mid-Senior level,Contract,2024-02-28,Kaggle-LinkedIn-Synthetic,2,1
JOB-00174,Analytics Analyst,Shopee,"Bangkok, Thailand",Data Analyst,Entry level,Full-time,2024-03-13,Kaggle-LinkedIn-Synthetic,3,1
JOB-00175,Data Analyst,Grab,"San Francisco, Ca",Data Analyst,Associate,Contract,2024-10-31,Kaggle-LinkedIn-Synthetic,10,4
JOB-00176,Associate Data Analyst,Tokopedia,"Berlin, Germany",Data Analyst,Director,Full-time,2024-12-18,Kaggle-LinkedIn-Synthetic,12,4
JOB-00177,Data Insights Analyst,Coca-Cola,"Bangkok, Thailand",Data Analyst,Mid-Senior level,Full-time,2024-09-13,Kaggle-LinkedIn-Synthetic,9,3
JOB-00178,Associate Data Analyst,Netflix,Remote,Data Analyst,Entry level,Full-time,2024-01-21,Kaggle-LinkedIn-Synthetic,1,1
JOB-00179,Data Insights Analyst,Accenture,Remote,Data Analyst,Mid-Senior level,Full-time,2024-05-08,Kaggle-LinkedIn-Synthetic,5,2
JOB-00180,Junior Data Analyst,Bank Mandiri,Hybrid - Singapore,Data Analyst,Entry level,Full-time,2024-10-21,Kaggle-LinkedIn-Synthetic,10,4
JOB-00181,Analytics Analyst,Deloitte,"Seoul, South Korea",Data Analyst,Mid-Senior level,Contract,2024-01-21,Kaggle-LinkedIn-Synthetic,1,1
JOB-00182,Associate Data Analyst,Linkaja,Hybrid - Jakarta,Data Analyst,Mid-Senior level,Full-time,2024-08-14,Kaggle-LinkedIn-Synthetic,8,3
JOB-00183,Senior Data Analyst,OCBC,Hybrid - Jakarta,Data Analyst,Entry level,Internship,2024-09-08,Kaggle-LinkedIn-Synthetic,9,3
JOB-00184,Associate Data Analyst,Samsung,Remote,Data Analyst,Entry level,Part-time,2024-06-19,Kaggle-LinkedIn-Synthetic,6,2
JOB-00185,Analytics Analyst,Spotify,"Medan, Indonesia",Data Analyst,Mid-Senior level,Full-time,2024-06-17,Kaggle-LinkedIn-Synthetic,6,2
JOB-00186,Data Insights Analyst,OVO,"San Francisco, Ca",Data Analyst,Associate,Contract,2024-07-03,Kaggle-LinkedIn-Synthetic,7,3
JOB-00187,Lead Data Analyst,Amazon,"Berlin, Germany",Data Analyst,Executive,Part-time,2024-02-15,Kaggle-LinkedIn-Synthetic,2,1
JOB-00188,Marketing Data Analyst,Accenture,"Yogyakarta, Indonesia",Data Analyst,Director,Internship,2024-07-25,Kaggle-LinkedIn-Synthetic,7,3
JOB-00189,Analytics Analyst,Flipkart,"Jakarta, Id",Data Analyst,Mid-Senior level,Full-time,2024-01-28,Kaggle-LinkedIn-Synthetic,1,1
JOB-00190,Lead Data Analyst,Unilever,Remote,Data Analyst,Entry level,Contract,2024-09-12,Kaggle-LinkedIn-Synthetic,9,3
JOB-00191,Data Analyst,Bank Bca,"Bangkok, Thailand",Data Analyst,Entry level,Full-time,2024-10-08,Kaggle-LinkedIn-Synthetic,10,4
JOB-00192,Marketing Data Analyst,Standard Chartered,,Data Analyst,Mid-Senior level,Full-time,2024-07-03,Kaggle-LinkedIn-Synthetic,7,3
JOB-00193,Analytics Analyst,Telkom Indonesia,"Medan, Indonesia",Data Analyst,Associate,Full-time,2024-06-08,Kaggle-LinkedIn-Synthetic,6,2
JOB-00194,Lead Data Analyst,Dbs Bank,"Surabaya, Indonesia",Data Analyst,Associate,Full-time,2024-04-25,Kaggle-LinkedIn-Synthetic,4,2
JOB-00195,Associate Data Analyst,Tokopedia,Hybrid - Jakarta,Data Analyst,Entry level,Full-time,2024-03-19,Kaggle-LinkedIn-Synthetic,3,1
JOB-00196,Data Insights Analyst,Mckinsey,"Sydney, Australia",Data Analyst,Director,Internship,2024-12-27,Kaggle-LinkedIn-Synthetic,12,4
JOB-00197,Data Analyst Intern,Lazada,"Amsterdam, Netherlands",Data Analyst,Mid-Senior level,Full-time,2024-05-04,Kaggle-LinkedIn-Synthetic,5,2
JOB-00198,Lead Data Analyst,Shopee,"Austin, Tx",Data Analyst,Associate,Full-time,2024-07-03,Kaggle-LinkedIn-Synthetic,7,3
JOB-00199,Junior Data Analyst,Deloitte,"Bandung, Indonesia",Data Analyst,Director,Part-time,2024-07-03,Kaggle-LinkedIn-Synthetic,7,3
JOB-00200,Data Analyst,Mckinsey,"San Francisco, Ca",Data Analyst,Entry level,Full-time,2024-10-27,Kaggle-LinkedIn-Synthetic,10,4
JOB-00201,Senior Frontend Developer,Thoughtworks,"Tokyo, Japan",Frontend Developer,Mid-Senior level,Internship,2024-09-04,Kaggle-LinkedIn-Synthetic,9,3
JOB-00202,Vue.Js Developer,Notion,"Berlin, Germany",Frontend Developer,Associate,Full-time,2024-07-03,Kaggle-LinkedIn-Synthetic,7,3
JOB-00203,Full Stack Developer (Frontend Focus),Zenius,"Jakarta, Id",Frontend Developer,Mid-Senior level,Full-time,2024-07-15,Kaggle-LinkedIn-Synthetic,7,3
JOB-00204,Frontend Developer Intern,Meta,"New York, Ny",Frontend Developer,Mid-Senior level,Full-time,2024-07-03,Kaggle-LinkedIn-Synthetic,7,3
JOB-00205,Frontend Developer Intern,Grab,"Amsterdam, Netherlands",Frontend Developer,Mid-Senior level,Full-time,2024-01-19,Kaggle-LinkedIn-Synthetic,1,1
JOB-00206,Ui Developer,Figma Inc.,"Yogyakarta, Indonesia",Frontend Developer,Associate,Contract,2024-08-13,Kaggle-LinkedIn-Synthetic,8,3
JOB-00207,Ui Developer,Agoda,"Jakarta, Indonesia",Frontend Developer,Entry level,Full-time,2024-03-14,Kaggle-LinkedIn-Synthetic,3,1
JOB-00208,Javascript Developer,Grab,"Surabaya, Indonesia",Frontend Developer,Director,Freelance,2024-08-28,Kaggle-LinkedIn-Synthetic,8,3
JOB-00209,Vue.Js Developer,Canva,,Frontend Developer,Mid-Senior level,Full-time,2024-02-11,Kaggle-LinkedIn-Synthetic,2,1
JOB-00210,Javascript Developer,Notion,"New York, Ny",Frontend Developer,Associate,Full-time,2024-07-03,Kaggle-LinkedIn-Synthetic,7,3
JOB-00211,Ui Developer,Meta,Remote,Frontend Developer,Executive,Full-time,2024-02-05,Kaggle-LinkedIn-Synthetic,2,1
JOB-00212,Javascript Developer,Spotify,"Kuala Lumpur, Malaysia",Frontend Developer,Mid-Senior level,Full-time,2024-07-03,Kaggle-LinkedIn-Synthetic,7,3
JOB-00213,Junior Frontend Developer,Tokopedia,"Berlin, Germany",Frontend Developer,Mid-Senior level,Freelance,2024-03-26,Kaggle-LinkedIn-Synthetic,3,1
JOB-00214,Frontend Developer,Meta,"New York, Ny",Frontend Developer,Entry level,Full-time,2024-01-29,Kaggle-LinkedIn-Synthetic,1,1
JOB-00215,Vue.Js Developer,Gitlab,"London, Uk",Frontend Developer,Entry level,Full-time,2024-03-15,Kaggle-LinkedIn-Synthetic,3,1
JOB-00216,Ui Developer,Wise,"Seoul, South Korea",Frontend Developer,Mid-Senior level,Full-time,2024-12-15,Kaggle-LinkedIn-Synthetic,12,4
JOB-00217,Senior Frontend Developer,Bukalapak,"Surabaya, Indonesia",Frontend Developer,Mid-Senior level,Full-time,2024-11-08,Kaggle-LinkedIn-Synthetic,11,4
JOB-00218,Web Developer,Zenius,"Amsterdam, Netherlands",Frontend Developer,Entry level,Full-time,2024-10-25,Kaggle-LinkedIn-Synthetic,10,4
JOB-00219,Frontend Engineer,Agoda,Hybrid - Jakarta,Frontend Developer,Mid-Senior level,Full-time,2024-05-10,Kaggle-LinkedIn-Synthetic,5,2
JOB-00220,React Developer,Google,"Berlin, Germany",Frontend Developer,Associate,Full-time,2024-05-27,Kaggle-LinkedIn-Synthetic,5,2
JOB-00221,Junior Frontend Developer,Thoughtworks,"Seattle, Wa",Frontend Developer,Entry level,Full-time,2024-10-27,Kaggle-LinkedIn-Synthetic,10,4
JOB-00222,Javascript Developer,Accenture,"Bangkok, Thailand",Frontend Developer,Associate,Part-time,2024-08-21,Kaggle-LinkedIn-Synthetic,8,3
JOB-00223,Frontend Engineer,Notion,"Amsterdam, Netherlands",Frontend Developer,Associate,Full-time,2024-02-24,Kaggle-LinkedIn-Synthetic,2,1
JOB-00224,Frontend Developer Intern,Atlassian,"Seoul, South Korea",Frontend Developer,Mid-Senior level,Full-time,2024-05-31,Kaggle-LinkedIn-Synthetic,5,2
JOB-00225,Frontend Developer,Canva,,Frontend Developer,Associate,Freelance,2024-07-03,Kaggle-LinkedIn-Synthetic,7,3
JOB-00226,Web Developer,Bytedance,"Jakarta, Indonesia",Frontend Developer,Associate,Full-time,2024-04-27,Kaggle-LinkedIn-Synthetic,4,2
JOB-00227,Frontend Engineer,Tiket.Com,Remote,Frontend Developer,Mid-Senior level,Contract,2024-07-03,Kaggle-LinkedIn-Synthetic,7,3
JOB-00228,Javascript Developer,Tokopedia,Hybrid - Jakarta,Frontend Developer,Mid-Senior level,Contract,2024-11-26,Kaggle-LinkedIn-Synthetic,11,4
JOB-00229,React Developer,Thoughtworks,"Bandung, Indonesia",Frontend Developer,Associate,Full-time,2024-10-23,Kaggle-LinkedIn-Synthetic,10,4
JOB-00230,Full Stack Developer (Frontend Focus),Shopee,"Surabaya, Indonesia",Frontend Developer,Director,Full-time,2024-05-31,Kaggle-LinkedIn-Synthetic,5,2
JOB-00231,Full Stack Developer (Frontend Focus),Wise,"Medan, Indonesia",Frontend Developer,Entry level,Full-time,2024-04-12,Kaggle-LinkedIn-Synthetic,4,2
JOB-00232,Ui Developer,Gitlab,"Sydney, Australia",Frontend Developer,Mid-Senior level,Full-time,2024-07-03,Kaggle-LinkedIn-Synthetic,7,3
JOB-00233,Senior Frontend Developer,Kitabisa,"Amsterdam, Netherlands",Frontend Developer,Associate,Internship,2024-07-03,Kaggle-LinkedIn-Synthetic,7,3
JOB-00234,Junior Frontend Developer,Agoda,"Surabaya, Indonesia",Frontend Developer,Mid-Senior level,Full-time,2024-03-13,Kaggle-LinkedIn-Synthetic,3,1
JOB-00235,Javascript Developer,Canva,"Tokyo, Japan",Frontend Developer,Entry level,Full-time,2024-07-06,Kaggle-LinkedIn-Synthetic,7,3
JOB-00236,Frontend Developer Intern,Google,"Bangkok, Thailand",Frontend Developer,Director,Full-time,2024-07-03,Kaggle-LinkedIn-Synthetic,7,3
JOB-00237,Lead Frontend Developer,Gitlab,Hybrid - Singapore,Frontend Developer,Mid-Senior level,Full-time,2024-12-10,Kaggle-LinkedIn-Synthetic,12,4
JOB-00238,Web Developer,Notion,Hybrid - Jakarta,Frontend Developer,Mid-Senior level,Full-time,2024-07-09,Kaggle-LinkedIn-Synthetic,7,3
JOB-00239,Javascript Developer,Ruangguru,"Amsterdam, Netherlands",Frontend Developer,Associate,Contract,2024-07-03,Kaggle-LinkedIn-Synthetic,7,3
JOB-00240,Web Developer,Ruangguru,Hybrid - Jakarta,Frontend Developer,Entry level,Full-time,2024-02-02,Kaggle-LinkedIn-Synthetic,2,1
JOB-00241,Full Stack Developer (Frontend Focus),Airbnb,,Frontend Developer,Entry level,Full-time,2024-07-28,Kaggle-LinkedIn-Synthetic,7,3
JOB-00242,Senior Frontend Developer,Meta,"Bandung, Indonesia",Frontend Developer,Associate,Full-time,2024-07-03,Kaggle-LinkedIn-Synthetic,7,3
JOB-00243,Junior Frontend Developer,Tokopedia,"Kuala Lumpur, Malaysia",Frontend Developer,Mid-Senior level,Full-time,2024-10-02,Kaggle-LinkedIn-Synthetic,10,4
JOB-00244,Frontend Developer Intern,Agoda,"Seattle, Wa",Frontend Developer,Mid-Senior level,Full-time,2024-07-03,Kaggle-LinkedIn-Synthetic,7,3
JOB-00245,Web Developer,Grab,"London, Uk",Frontend Developer,Mid-Senior level,Full-time,2024-12-01,Kaggle-LinkedIn-Synthetic,12,4
JOB-00246,Lead Frontend Developer,Wise,"Bangkok, Thailand",Frontend Developer,Mid-Senior level,Full-time,2024-01-17,Kaggle-LinkedIn-Synthetic,1,1
JOB-00247,Frontend Engineer,Thoughtworks,Remote,Frontend Developer,Mid-Senior level,Full-time,2024-07-03,Kaggle-LinkedIn-Synthetic,7,3
JOB-00248,Junior Frontend Developer,Gitlab,"Bandung, Indonesia",Frontend Developer,Mid-Senior level,Full-time,2024-11-26,Kaggle-LinkedIn-Synthetic,11,4
JOB-00249,Frontend Developer,Canva,"Bangkok, Thailand",Frontend Developer,Mid-Senior level,Part-time,2024-04-07,Kaggle-LinkedIn-Synthetic,4,2
JOB-00250,Lead Frontend Developer,Vercel,Hybrid - Singapore,Frontend Developer,Associate,Internship,2024-04-18,Kaggle-LinkedIn-Synthetic,4,2
JOB-00251,Frontend Developer,Figma Inc.,"Kuala Lumpur, Malaysia",Frontend Developer,Associate,Contract,2024-03-05,Kaggle-LinkedIn-Synthetic,3,1
JOB-00252,Junior Frontend Developer,Blibli,"Seoul, South Korea",Frontend Developer,Mid-Senior level,Full-time,2024-04-20,Kaggle-LinkedIn-Synthetic,4,2
JOB-00253,Vue.Js Developer,Grab,Remote,Frontend Developer,Entry level,Full-time,2024-01-02,Kaggle-LinkedIn-Synthetic,1,1
JOB-00254,Senior Frontend Developer,Shopee,"Tokyo, Japan",Frontend Developer,Entry level,Full-time,2024-05-08,Kaggle-LinkedIn-Synthetic,5,2
JOB-00255,Junior Frontend Developer,Microsoft,Remote,Frontend Developer,Associate,Full-time,2024-01-08,Kaggle-LinkedIn-Synthetic,1,1
JOB-00256,Frontend Engineer,Stripe,"Jakarta, Indonesia",Frontend Developer,Associate,Part-time,2024-03-30,Kaggle-LinkedIn-Synthetic,3,1
JOB-00257,Frontend Developer,Shopee,"London, Uk",Frontend Developer,Entry level,Full-time,2024-09-26,Kaggle-LinkedIn-Synthetic,9,3
JOB-00258,Full Stack Developer (Frontend Focus),Github,"Amsterdam, Netherlands",Frontend Developer,Associate,Full-time,2024-08-17,Kaggle-LinkedIn-Synthetic,8,3
JOB-00259,Ui Developer,Tokopedia,"Berlin, Germany",Frontend Developer,Executive,Full-time,2024-07-03,Kaggle-LinkedIn-Synthetic,7,3
JOB-00260,Web Developer,Meta,Hybrid - Singapore,Frontend Developer,Associate,Part-time,2024-09-23,Kaggle-LinkedIn-Synthetic,9,3
JOB-00261,Lead Frontend Developer,Microsoft,"Bandung, Indonesia",Frontend Developer,Entry level,Full-time,2024-09-02,Kaggle-LinkedIn-Synthetic,9,3
JOB-00262,Frontend Developer Intern,Tokopedia,"Amsterdam, Netherlands",Frontend Developer,Mid-Senior level,Full-time,2024-07-03,Kaggle-LinkedIn-Synthetic,7,3
JOB-00263,Junior Frontend Developer,Vercel,"New York, Ny",Frontend Developer,Director,Contract,2024-11-07,Kaggle-LinkedIn-Synthetic,11,4
JOB-00264,Junior Frontend Developer,Shopee,"Bangkok, Thailand",Frontend Developer,Entry level,Full-time,2024-11-15,Kaggle-LinkedIn-Synthetic,11,4
JOB-00265,Frontend Developer Intern,Spotify,"Berlin, Germany",Frontend Developer,Associate,Contract,2024-09-15,Kaggle-LinkedIn-Synthetic,9,3
JOB-00266,Junior Frontend Developer,Gojek,,Frontend Developer,Mid-Senior level,Full-time,2024-11-29,Kaggle-LinkedIn-Synthetic,11,4
JOB-00267,Frontend Developer Intern,Thoughtworks,"Kuala Lumpur, Malaysia",Frontend Developer,Associate,Part-time,2024-07-30,Kaggle-LinkedIn-Synthetic,7,3
JOB-00268,Lead Frontend Developer,Canva,Remote,Frontend Developer,Associate,Full-time,2024-02-18,Kaggle-LinkedIn-Synthetic,2,1
JOB-00269,Frontend Developer Intern,Stripe,,Frontend Developer,Entry level,Full-time,2024-05-10,Kaggle-LinkedIn-Synthetic,5,2
JOB-00270,Senior Frontend Developer,Sea Group,"Surabaya, Indonesia",Frontend Developer,Associate,Freelance,2024-02-16,Kaggle-LinkedIn-Synthetic,2,1
JOB-00271,Junior Frontend Developer,Accenture,"Yogyakarta, Indonesia",Frontend Developer,Mid-Senior level,Full-time,2024-07-09,Kaggle-LinkedIn-Synthetic,7,3
JOB-00272,Ui Developer,Twitter/X,Hybrid- Singapore,Frontend Developer,Mid-Senior level,Full-time,2024-10-14,Kaggle-LinkedIn-Synthetic,10,4
JOB-00273,Javascript Developer,Gojek,"London, Uk",Frontend Developer,Mid-Senior level,Contract,2024-06-30,Kaggle-LinkedIn-Synthetic,6,2
JOB-00274,Full Stack Developer (Frontend Focus),Twitter/X,"San Francisco, Ca",Frontend Developer,Mid-Senior level,Internship,2024-11-03,Kaggle-LinkedIn-Synthetic,11,4
JOB-00275,Vue.Js Developer,Tokopedia,"Seoul, South Korea",Frontend Developer,Entry level,Full-time,2024-09-16,Kaggle-LinkedIn-Synthetic,9,3
JOB-00276,Senior Frontend Developer,Sea Group,"Kuala Lumpur, Malaysia",Frontend Developer,Mid-Senior level,Contract,2024-02-25,Kaggle-LinkedIn-Synthetic,2,1
JOB-00277,Ui Developer,Gitlab,"Yogyakarta, Indonesia",Frontend Developer,Director,Full-time,2024-05-22,Kaggle-LinkedIn-Synthetic,5,2
JOB-00278,Frontend Developer Intern,Microsoft,Remote,Frontend Developer,Director,Full-time,2024-12-02,Kaggle-LinkedIn-Synthetic,12,4
JOB-00279,Frontend Developer,Bukalapak,"Bangkok, Thailand",Frontend Developer,Mid-Senior level,Full-time,2024-12-25,Kaggle-LinkedIn-Synthetic,12,4
JOB-00280,Vue.Js Developer,Atlassian,"Jakarta, Indonesia",Frontend Developer,Associate,Full-time,2024-04-02,Kaggle-LinkedIn-Synthetic,4,2
JOB-00281,Web Developer,Canva,"Surabaya, Indonesia",Frontend Developer,Associate,Part-time,2024-03-13,Kaggle-LinkedIn-Synthetic,3,1
JOB-00282,Junior Frontend Developer,Blibli,,Frontend Developer,Mid-Senior level,Full-time,2024-08-02,Kaggle-LinkedIn-Synthetic,8,3
JOB-00283,Vue.Js Developer,Traveloka,"Seattle, Wa",Frontend Developer,Mid-Senior level,Part-time,2024-06-08,Kaggle-LinkedIn-Synthetic,6,2
JOB-00284,Web Developer,Vercel,"Bandung, Indonesia",Frontend Developer,Entry level,Internship,2024-03-20,Kaggle-LinkedIn-Synthetic,3,1
JOB-00285,Web Developer,Twitter/X,Hybrid - Singapore,Frontend Developer,Director,Full-time,2024-02-11,Kaggle-LinkedIn-Synthetic,2,1
JOB-00286,Lead Frontend Developer,Accenture,"Amsterdam, Netherlands",Frontend Developer,Associate,Full-time,2024-11-06,Kaggle-LinkedIn-Synthetic,11,4
JOB-00287,Frontend Developer Intern,Netflix,Remote,Frontend Developer,Director,Full-time,2024-09-19,Kaggle-LinkedIn-Synthetic,9,3
JOB-00288,Vue.Js Developer,Accenture,"Yogyakarta, Indonesia",Frontend Developer,Entry level,Full-time,2024-05-25,Kaggle-LinkedIn-Synthetic,5,2
JOB-00289,Ui Developer,Airbnb,"Jakarta, Id",Frontend Developer,Executive,Internship,2024-04-22,Kaggle-LinkedIn-Synthetic,4,2
JOB-00290,Web Developer,Twitter/X,"Jakarta, Indonesia",Frontend Developer,Entry level,Full-time,2024-04-14,Kaggle-LinkedIn-Synthetic,4,2
JOB-00291,Frontend Engineer,Shopee,"Bangkok, Thailand",Frontend Developer,Executive,Full-time,2024-05-28,Kaggle-LinkedIn-Synthetic,5,2
JOB-00292,Junior Frontend Developer,Google,"Amsterdam, Netherlands",Frontend Developer,Mid-Senior level,Full-time,2024-07-03,Kaggle-LinkedIn-Synthetic,7,3
JOB-00293,Senior Frontend Developer,Notion,"Tokyo, Japan",Frontend Developer,Associate,Freelance,2024-12-26,Kaggle-LinkedIn-Synthetic,12,4
JOB-00294,Ui Developer,Atlassian,"Surabaya, Indonesia",Frontend Developer,Entry level,Full-time,2024-07-22,Kaggle-LinkedIn-Synthetic,7,3
JOB-00295,Frontend Developer Intern,Microsoft,"Berlin, Germany",Frontend Developer,Associate,Full-time,2024-07-03,Kaggle-LinkedIn-Synthetic,7,3
JOB-00296,Web Developer,Accenture,"Seoul, South Korea",Frontend Developer,Entry level,Internship,2024-07-26,Kaggle-LinkedIn-Synthetic,7,3
JOB-00297,React Developer,Gojek,"Austin, Tx",Frontend Developer,Director,Full-time,2024-01-11,Kaggle-LinkedIn-Synthetic,1,1
JOB-00298,Senior Frontend Developer,Agoda,"Seattle, Wa",Frontend Developer,Director,Full-time,2024-02-15,Kaggle-LinkedIn-Synthetic,2,1
JOB-00299,Junior Frontend Developer,Zenius,"London, Uk",Frontend Developer,Mid-Senior level,Full-time,2024-07-03,Kaggle-LinkedIn-Synthetic,7,3
JOB-00300,Ui Developer,Vercel,"Austin, Tx",Frontend Developer,Entry level,Full-time,2024-06-07,Kaggle-LinkedIn-Synthetic,6,2
JOB-00301,Frontend Engineer,Figma Inc.,"Medan, Indonesia",Frontend Developer,Executive,Full-time,2024-07-03,Kaggle-LinkedIn-Synthetic,7,3
JOB-00302,Ui Developer,Tiket.Com,"Seattle, Wa",Frontend Developer,Associate,Part-time,2024-06-28,Kaggle-LinkedIn-Synthetic,6,2
JOB-00303,Frontend Engineer,Tokopedia,"Bali, Indonesia",Frontend Developer,Mid-Senior level,Full-time,2024-05-11,Kaggle-LinkedIn-Synthetic,5,2
JOB-00304,Senior Frontend Developer,Grab,Hybrid - Jakarta,Frontend Developer,Executive,Contract,2024-02-08,Kaggle-LinkedIn-Synthetic,2,1
JOB-00305,Javascript Developer,Bytedance,"Jakarta, Id",Frontend Developer,Mid-Senior level,Freelance,2024-07-03,Kaggle-LinkedIn-Synthetic,7,3
JOB-00306,Javascript Developer,Stripe,Hybrid - Jakarta,Frontend Developer,Mid-Senior level,Internship,2024-06-10,Kaggle-LinkedIn-Synthetic,6,2
JOB-00307,Lead Frontend Developer,Github,"Amsterdam, Netherlands",Frontend Developer,Executive,Full-time,2024-08-14,Kaggle-LinkedIn-Synthetic,8,3
JOB-00308,React Developer,Twitter/X,,Frontend Developer,Entry level,Internship,2024-09-16,Kaggle-LinkedIn-Synthetic,9,3
JOB-00309,React Developer,Agoda,"Berlin, Germany",Frontend Developer,Associate,Full-time,2024-01-20,Kaggle-LinkedIn-Synthetic,1,1
JOB-00310,Vue.Js Developer,Spotify,"Surabaya, Indonesia",Frontend Developer,Mid-Senior level,Full-time,2024-07-03,Kaggle-LinkedIn-Synthetic,7,3
JOB-00311,Web Developer,Notion,"Berlin, Germany",Frontend Developer,Associate,Internship,2024-10-24,Kaggle-LinkedIn-Synthetic,10,4
JOB-00312,Lead Frontend Developer,Tiket.Com,"New York, Ny",Frontend Developer,Director,Full-time,2024-11-05,Kaggle-LinkedIn-Synthetic,11,4
JOB-00313,Ui Developer,Grab,"Bandung, Indonesia",Frontend Developer,Mid-Senior level,Full-time,2024-08-18,Kaggle-LinkedIn-Synthetic,8,3
JOB-00314,Vue.Js Developer,Vercel,Hybrid - Jakarta,Frontend Developer,Mid-Senior level,Internship,2024-11-26,Kaggle-LinkedIn-Synthetic,11,4
JOB-00315,Frontend Developer,Zenius,,Frontend Developer,Associate,Full-time,2024-08-12,Kaggle-LinkedIn-Synthetic,8,3
JOB-00316,Vue.Js Developer,Gitlab,"San Francisco, Ca",Frontend Developer,Mid-Senior level,Contract,2024-07-17,Kaggle-LinkedIn-Synthetic,7,3
JOB-00317,Vue.Js Developer,Twitter/X,Hybrid - Jakarta,Frontend Developer,Associate,Full-time,2024-07-03,Kaggle-LinkedIn-Synthetic,7,3
JOB-00318,Junior Frontend Developer,Figma Inc.,"Yogyakarta, Indonesia",Frontend Developer,Associate,Internship,2024-10-12,Kaggle-LinkedIn-Synthetic,10,4
JOB-00319,React Developer,Kitabisa,Hybrid - Singapore,Frontend Developer,Entry level,Freelance,2024-11-04,Kaggle-LinkedIn-Synthetic,11,4
JOB-00320,Vue.Js Developer,Vercel,"Seoul, South Korea",Frontend Developer,Director,Full-time,2024-12-05,Kaggle-LinkedIn-Synthetic,12,4
JOB-00321,Vue.Js Developer,Airbnb,Hybrid - Jakarta,Frontend Developer,Entry level,Full-time,2024-12-23,Kaggle-LinkedIn-Synthetic,12,4
JOB-00322,Senior Frontend Developer,Vercel,"San Francisco, Ca",Frontend Developer,Executive,Full-time,2024-10-13,Kaggle-LinkedIn-Synthetic,10,4
JOB-00323,Javascript Developer,Figma Inc.,"Bali, Indonesia",Frontend Developer,Mid-Senior level,Internship,2024-12-09,Kaggle-LinkedIn-Synthetic,12,4
JOB-00324,Javascript Developer,Accenture,"Sydney, Australia",Frontend Developer,Mid-Senior level,Contract,2024-07-04,Kaggle-LinkedIn-Synthetic,7,3
JOB-00325,Vue.Js Developer,Airbnb,"Medan, Indonesia",Frontend Developer,Entry level,Full-time,2024-04-19,Kaggle-LinkedIn-Synthetic,4,2
JOB-00326,Lead Frontend Developer,Tiket.Com,"Kuala Lumpur, Malaysia",Frontend Developer,Entry level,Full-time,2024-03-11,Kaggle-LinkedIn-Synthetic,3,1
JOB-00327,Junior Frontend Developer,Spotify,"Yogyakarta, Indonesia",Frontend Developer,Mid-Senior level,Full-time,2024-09-16,Kaggle-LinkedIn-Synthetic,9,3
JOB-00328,Javascript Developer,Figma Inc.,Remote,Frontend Developer,Associate,Internship,2024-03-08,Kaggle-LinkedIn-Synthetic,3,1
JOB-00329,Senior Frontend Developer,Traveloka,"Jakarta, Indonesia",Frontend Developer,Associate,Full-time,2024-12-20,Kaggle-LinkedIn-Synthetic,12,4
JOB-00330,Full Stack Developer (Frontend Focus),Thoughtworks,,Frontend Developer,Entry level,Full-time,2024-07-29,Kaggle-LinkedIn-Synthetic,7,3
JOB-00331,Javascript Developer,Zenius,"Berlin, Germany",Frontend Developer,Executive,Internship,2024-11-08,Kaggle-LinkedIn-Synthetic,11,4
JOB-00332,Full Stack Developer (Frontend Focus),Thoughtworks,"Kuala Lumpur, Malaysia",Frontend Developer,Mid-Senior level,Contract,2024-07-03,Kaggle-LinkedIn-Synthetic,7,3
JOB-00333,React Developer,Sea Group,Singapore,Frontend Developer,Associate,Contract,2024-07-07,Kaggle-LinkedIn-Synthetic,7,3
JOB-00334,Lead Frontend Developer,Spotify,"Austin, Tx",Frontend Developer,Entry level,Internship,2024-09-14,Kaggle-LinkedIn-Synthetic,9,3
JOB-00335,Senior Frontend Developer,Tiket.Com,Remote,Frontend Developer,Entry level,Contract,2024-03-11,Kaggle-LinkedIn-Synthetic,3,1
JOB-00336,Frontend Developer,Sea Group,"Seattle, Wa",Frontend Developer,Mid-Senior level,Full-time,2024-10-10,Kaggle-LinkedIn-Synthetic,10,4
JOB-00337,Full Stack Developer (Frontend Focus),Gojek,"Bandung, Indonesia",Frontend Developer,Executive,Full-time,2024-02-12,Kaggle-LinkedIn-Synthetic,2,1
JOB-00338,React Developer,Thoughtworks,"Sydney, Australia",Frontend Developer,Mid-Senior level,Contract,2024-03-16,Kaggle-LinkedIn-Synthetic,3,1
JOB-00339,Junior Frontend Developer,Ruangguru,"Berlin, Germany",Frontend Developer,Associate,Contract,2024-07-03,Kaggle-LinkedIn-Synthetic,7,3
JOB-00340,Frontend Developer Intern,Twitter/X,,Frontend Developer,Mid-Senior level,Full-time,2024-09-14,Kaggle-LinkedIn-Synthetic,9,3
JOB-00341,Frontend Engineer,Notion,"Surabaya, Indonesia",Frontend Developer,Mid-Senior level,Full-time,2024-07-10,Kaggle-LinkedIn-Synthetic,7,3
JOB-00342,Frontend Developer,Stripe,"Yogyakarta, Indonesia",Frontend Developer,Associate,Full-time,2024-11-28,Kaggle-LinkedIn-Synthetic,11,4
JOB-00343,Senior Frontend Developer,Shopee,"Bandung, Indonesia",Frontend Developer,Mid-Senior level,Full-time,2024-05-26,Kaggle-LinkedIn-Synthetic,5,2
JOB-00344,Full Stack Developer (Frontend Focus),Shopee,"Amsterdam, Netherlands",Frontend Developer,Mid-Senior level,Full-time,2024-08-17,Kaggle-LinkedIn-Synthetic,8,3
JOB-00345,Junior Frontend Developer,Microsoft,"Bangkok, Thailand",Frontend Developer,Associate,Full-time,2024-04-20,Kaggle-LinkedIn-Synthetic,4,2
JOB-00346,Ui Developer,Accenture,"Yogyakarta, Indonesia",Frontend Developer,Entry level,Freelance,2024-05-27,Kaggle-LinkedIn-Synthetic,5,2
JOB-00347,React Developer,Gojek,"Bandung, Indonesia",Frontend Developer,Entry level,Full-time,2024-05-02,Kaggle-LinkedIn-Synthetic,5,2
JOB-00348,Javascript Developer,Agoda,"Surabaya, Indonesia",Frontend Developer,Mid-Senior level,Contract,2024-02-26,Kaggle-LinkedIn-Synthetic,2,1
JOB-00349,Web Developer,Microsoft,Hybrid - Jakarta,Frontend Developer,Entry level,Full-time,2024-09-20,Kaggle-LinkedIn-Synthetic,9,3
JOB-00350,Full Stack Developer (Frontend Focus),Grab,"Jakarta, Id",Frontend Developer,Entry level,Internship,2024-07-03,Kaggle-LinkedIn-Synthetic,7,3
JOB-00351,Web Developer,Atlassian,"Kuala Lumpur, Malaysia",Frontend Developer,Entry level,Freelance,2024-07-03,Kaggle-LinkedIn-Synthetic,7,3
JOB-00352,Senior Frontend Developer,Vercel,"Sydney, Australia",Frontend Developer,Director,Full-time,2024-07-03,Kaggle-LinkedIn-Synthetic,7,3
JOB-00353,Ui Developer,Microsoft,Remote,Frontend Developer,Executive,Full-time,2024-08-28,Kaggle-LinkedIn-Synthetic,8,3
JOB-00354,Javascript Developer,Notion,"Seattle, Wa",Frontend Developer,Entry level,Full-time,2024-05-09,Kaggle-LinkedIn-Synthetic,5,2
JOB-00355,Vue.Js Developer,Github,"Jakarta, Indonesia",Frontend Developer,Mid-Senior level,Internship,2024-05-03,Kaggle-LinkedIn-Synthetic,5,2
JOB-00356,Web Developer,Figma Inc.,"Bali, Indonesia",Frontend Developer,Mid-Senior level,Freelance,2024-01-23,Kaggle-LinkedIn-Synthetic,1,1
JOB-00357,Ui Developer,Figma Inc.,Hybrid - Jakarta,Frontend Developer,Executive,Full-time,2024-03-30,Kaggle-LinkedIn-Synthetic,3,1
JOB-00358,Full Stack Developer (Frontend Focus),Sea Group,Hybrid - Jakarta,Frontend Developer,Mid-Senior level,Full-time,2024-04-03,Kaggle-LinkedIn-Synthetic,4,2
JOB-00359,Junior Frontend Developer,Agoda,"Bandung, Indonesia",Frontend Developer,Associate,Full-time,2024-05-30,Kaggle-LinkedIn-Synthetic,5,2
JOB-00360,Frontend Developer,Tiket.Com,"Bandung, Indonesia",Frontend Developer,Entry level,Freelance,2024-06-10,Kaggle-LinkedIn-Synthetic,6,2
JOB-00361,Ui Developer,Canva,"Tokyo, Japan",Frontend Developer,Mid-Senior level,Full-time,2024-08-30,Kaggle-LinkedIn-Synthetic,8,3
JOB-00362,Frontend Developer,Tiket.Com,"San Francisco, Ca",Frontend Developer,Director,Full-time,2024-07-01,Kaggle-LinkedIn-Synthetic,7,3
JOB-00363,Javascript Developer,Figma Inc.,"Bangkok, Thailand",Frontend Developer,Mid-Senior level,Part-time,2024-07-03,Kaggle-LinkedIn-Synthetic,7,3
JOB-00364,Frontend Developer Intern,Canva,"Bandung, Indonesia",Frontend Developer,Associate,Full-time,2024-07-03,Kaggle-LinkedIn-Synthetic,7,3
JOB-00365,Senior Frontend Developer,Bytedance,"Bandung, Indonesia",Frontend Developer,Associate,Full-time,2024-07-03,Kaggle-LinkedIn-Synthetic,7,3
JOB-00366,Junior Frontend Developer,Accenture,"Surabaya, Indonesia",Frontend Developer,Entry level,Contract,2024-08-08,Kaggle-LinkedIn-Synthetic,8,3
JOB-00367,Ui Developer,Spotify,"New York, Ny",Frontend Developer,Mid-Senior level,Freelance,2024-02-22,Kaggle-LinkedIn-Synthetic,2,1
JOB-00368,Vue.Js Developer,Spotify,"San Francisco, Ca",Frontend Developer,Mid-Senior level,Full-time,2024-08-16,Kaggle-LinkedIn-Synthetic,8,3
JOB-00369,Senior Frontend Developer,Thoughtworks,"Seattle, Wa",Frontend Developer,Entry level,Contract,2024-08-16,Kaggle-LinkedIn-Synthetic,8,3
JOB-00370,Full Stack Developer (Frontend Focus),Atlassian,Remote,Frontend Developer,Mid-Senior level,Internship,2024-08-10,Kaggle-LinkedIn-Synthetic,8,3
JOB-00371,Javascript Developer,Twitter/X,"Surabaya, Indonesia",Frontend Developer,Associate,Full-time,2024-12-09,Kaggle-LinkedIn-Synthetic,12,4
JOB-00372,Vue.Js Developer,Traveloka,,Frontend Developer,Associate,Full-time,2024-03-14,Kaggle-LinkedIn-Synthetic,3,1
JOB-00373,Frontend Developer,Shopee,"Surabaya, Indonesia",Frontend Developer,Associate,Full-time,2024-07-03,Kaggle-LinkedIn-Synthetic,7,3
JOB-00374,Vue.Js Developer,Notion,"Seoul, South Korea",Frontend Developer,Entry level,Contract,2024-07-03,Kaggle-LinkedIn-Synthetic,7,3
JOB-00375,Javascript Developer,Thoughtworks,"Seattle, Wa",Frontend Developer,Executive,Full-time,2024-07-09,Kaggle-LinkedIn-Synthetic,7,3
JOB-00376,Junior Frontend Developer,Shopee,"Sydney, Australia",Frontend Developer,Associate,Full-time,2024-07-03,Kaggle-LinkedIn-Synthetic,7,3
JOB-00377,Vue.Js Developer,Netflix,"Kuala Lumpur, Malaysia",Frontend Developer,Associate,Full-time,2024-02-28,Kaggle-LinkedIn-Synthetic,2,1
JOB-00378,Full Stack Developer (Frontend Focus),Bukalapak,"Amsterdam, Netherlands",Frontend Developer,Director,Full-time,2024-09-22,Kaggle-LinkedIn-Synthetic,9,3
JOB-00379,Ui Developer,Gojek,"Bangkok, Thailand",Frontend Developer,Director,Full-time,2024-05-13,Kaggle-LinkedIn-Synthetic,5,2
JOB-00380,Frontend Engineer,Spotify,"Amsterdam, Netherlands",Frontend Developer,Mid-Senior level,Full-time,2024-04-12,Kaggle-LinkedIn-Synthetic,4,2
JOB-00381,Senior Frontend Developer,Github,,Frontend Developer,Director,Full-time,2024-03-29,Kaggle-LinkedIn-Synthetic,3,1
JOB-00382,Junior Frontend Developer,Stripe,Hybrid - Singapore,Frontend Developer,Mid-Senior level,Contract,2024-06-26,Kaggle-LinkedIn-Synthetic,6,2
JOB-00383,Ui Developer,Spotify,"San Francisco, Ca",Frontend Developer,Associate,Full-time,2024-03-21,Kaggle-LinkedIn-Synthetic,3,1
JOB-00384,Vue.Js Developer,Ruangguru,"Yogyakarta, Indonesia",Frontend Developer,Executive,Full-time,2024-04-12,Kaggle-LinkedIn-Synthetic,4,2
JOB-00385,Frontend Engineer,Bytedance,"Jakarta, Indonesia",Frontend Developer,Entry level,Full-time,2024-07-03,Kaggle-LinkedIn-Synthetic,7,3
JOB-00386,Lead Frontend Developer,Shopee,Remote,Frontend Developer,Director,Part-time,2024-02-14,Kaggle-LinkedIn-Synthetic,2,1
JOB-00387,React Developer,Canva,"Amsterdam, Netherlands",Frontend Developer,Mid-Senior level,Freelance,2024-09-26,Kaggle-LinkedIn-Synthetic,9,3
JOB-00388,Frontend Developer Intern,Github,"Bali, Indonesia",Frontend Developer,Associate,Full-time,2024-06-11,Kaggle-LinkedIn-Synthetic,6,2
JOB-00389,Lead Frontend Developer,Agoda,Hybrid - Singapore,Frontend Developer,Mid-Senior level,Full-time,2024-07-03,Kaggle-LinkedIn-Synthetic,7,3
JOB-00390,Senior Frontend Developer,Bukalapak,"Bali, Indonesia",Frontend Developer,Mid-Senior level,Full-time,2024-08-09,Kaggle-LinkedIn-Synthetic,8,3
JOB-00391,Junior Frontend Developer,Grab,"Bandung, Indonesia",Frontend Developer,Entry level,Part-time,2024-03-25,Kaggle-LinkedIn-Synthetic,3,1
JOB-00392,Vue.Js Developer,Ruangguru,"Seattle, Wa",Frontend Developer,Mid-Senior level,Contract,2024-09-22,Kaggle-LinkedIn-Synthetic,9,3
JOB-00393,Junior Frontend Developer,Kitabisa,Singapore,Frontend Developer,Entry level,Full-time,2024-07-03,Kaggle-LinkedIn-Synthetic,7,3
JOB-00394,Senior Frontend Developer,Airbnb,Remote,Frontend Developer,Entry level,Full-time,2024-09-30,Kaggle-LinkedIn-Synthetic,9,3
JOB-00395,Ui Developer,Traveloka,"Seoul, South Korea",Frontend Developer,Mid-Senior level,Full-time,2024-07-03,Kaggle-LinkedIn-Synthetic,7,3
JOB-00396,Senior Frontend Developer,Figma Inc.,"Seoul, South Korea",Frontend Developer,Associate,Internship,2024-07-03,Kaggle-LinkedIn-Synthetic,7,3
JOB-00397,Junior Frontend Developer,Meta,Hybrid - Jakarta,Frontend Developer,Mid-Senior level,Full-time,2024-10-22,Kaggle-LinkedIn-Synthetic,10,4
JOB-00398,Javascript Developer,Blibli,"Bandung, Indonesia",Frontend Developer,Mid-Senior level,Full-time,2024-08-01,Kaggle-LinkedIn-Synthetic,8,3
JOB-00399,Lead Frontend Developer,Spotify,Hybrid - Jakarta,Frontend Developer,Associate,Contract,2024-06-03,Kaggle-LinkedIn-Synthetic,6,2
JOB-00400,Frontend Engineer,Canva,"San Francisco, Ca",Frontend Developer,Mid-Senior level,Internship,2024-08-20,Kaggle-LinkedIn-Synthetic,8,3
JOB-00401,Ux/Ui Designer,Meta,"Medan, Indonesia",UI/UX Designer,Mid-Senior level,Full-time,2024-07-03,Kaggle-LinkedIn-Synthetic,7,3
JOB-00402,Interaction Designer,IDEO,Singapore,UI/UX Designer,Entry level,Full-time,2024-06-23,Kaggle-LinkedIn-Synthetic,6,2
JOB-00403,Product Designer,Canva,"Seattle, Wa",UI/UX Designer,Executive,Internship,2024-07-23,Kaggle-LinkedIn-Synthetic,7,3
JOB-00404,Product Designer,Tokopedia,"New York, Ny",UI/UX Designer,Mid-Senior level,Full-time,2024-05-03,Kaggle-LinkedIn-Synthetic,5,2
JOB-00405,Junior UI/UX Designer,Spotify,"Berlin, Germany",UI/UX Designer,Entry level,Full-time,2024-05-06,Kaggle-LinkedIn-Synthetic,5,2
JOB-00406,Junior UI/UX Designer,Meta,"San Francisco, Ca",UI/UX Designer,Entry level,Full-time,2024-07-15,Kaggle-LinkedIn-Synthetic,7,3
JOB-00407,Ux Designer,Traveloka,"New York, Ny",UI/UX Designer,Director,Full-time,2024-10-22,Kaggle-LinkedIn-Synthetic,10,4
JOB-00408,Ux Designer,Traveloka,"Amsterdam, Netherlands",UI/UX Designer,Associate,Full-time,2024-09-20,Kaggle-LinkedIn-Synthetic,9,3
JOB-00409,Interaction Designer,Pinterest,"Amsterdam, Netherlands",UI/UX Designer,Director,Full-time,2024-01-12,Kaggle-LinkedIn-Synthetic,1,1
JOB-00410,Ux Researcher,IDEO,"Kuala Lumpur, Malaysia",UI/UX Designer,Mid-Senior level,Full-time,2024-04-20,Kaggle-LinkedIn-Synthetic,4,2
JOB-00411,UI/UX Designer,Meta,,UI/UX Designer,Associate,Contract,2024-09-10,Kaggle-LinkedIn-Synthetic,9,3
JOB-00412,Ui Designer,Google,"Yogyakarta, Indonesia",UI/UX Designer,Associate,Full-time,2024-08-08,Kaggle-LinkedIn-Synthetic,8,3
JOB-00413,Ui Designer,SAP,"Austin, Tx",UI/UX Designer,Mid-Senior level,Full-time,2024-07-06,Kaggle-LinkedIn-Synthetic,7,3
JOB-00414,Ux Researcher,Meta,Hybrid - Jakarta,UI/UX Designer,Associate,Full-time,2024-10-14,Kaggle-LinkedIn-Synthetic,10,4
JOB-00415,Product Designer,Netflix,"Surabaya, Indonesia",UI/UX Designer,Associate,Part-time,2024-07-16,Kaggle-LinkedIn-Synthetic,7,3
JOB-00416,Visual Designer,Spotify,Remote,UI/UX Designer,Director,Freelance,2024-12-14,Kaggle-LinkedIn-Synthetic,12,4
JOB-00417,Senior UI/UX Designer,Tokopedia,"Austin, Tx",UI/UX Designer,Director,Full-time,2024-07-10,Kaggle-LinkedIn-Synthetic,7,3
JOB-00418,Visual Designer,SAP,"Bali, Indonesia",UI/UX Designer,Mid-Senior level,Internship,2024-04-11,Kaggle-LinkedIn-Synthetic,4,2
JOB-00419,Visual Designer,Microsoft,"Bandung, Indonesia",UI/UX Designer,Associate,Internship,2024-01-20,Kaggle-LinkedIn-Synthetic,1,1
JOB-00420,Ux/Ui Designer,Notion,"Amsterdam, Netherlands",UI/UX Designer,Mid-Senior level,Full-time,2024-09-22,Kaggle-LinkedIn-Synthetic,9,3
JOB-00421,Senior UI/UX Designer,Shopee,"New York, Ny",UI/UX Designer,Mid-Senior level,Full-time,2024-07-03,Kaggle-LinkedIn-Synthetic,7,3
JOB-00422,Senior UI/UX Designer,Invision,Remote,UI/UX Designer,Associate,Full-time,2024-07-03,Kaggle-LinkedIn-Synthetic,7,3
JOB-00423,Visual Designer,Fjord,"Seoul, South Korea",UI/UX Designer,Associate,Full-time,2024-06-02,Kaggle-LinkedIn-Synthetic,6,2
JOB-00424,UI/UX Designer,SAP,"New York, Ny",UI/UX Designer,Entry level,Full-time,2024-12-10,Kaggle-LinkedIn-Synthetic,12,4
JOB-00425,Ux Researcher,Pinterest,Hybrid - Jakarta,UI/UX Designer,Mid-Senior level,Full-time,2024-01-14,Kaggle-LinkedIn-Synthetic,1,1
JOB-00426,Ui Designer,Tiket.Com,"Bandung, Indonesia",UI/UX Designer,Director,Full-time,2024-10-25,Kaggle-LinkedIn-Synthetic,10,4
JOB-00427,Senior UI/UX Designer,Adobe,"Bali, Indonesia",UI/UX Designer,Mid-Senior level,Full-time,2024-12-14,Kaggle-LinkedIn-Synthetic,12,4
JOB-00428,UI/UX Designer,Gojek,Singapore,UI/UX Designer,Associate,Contract,2024-01-10,Kaggle-LinkedIn-Synthetic,1,1
JOB-00429,Product Designer,Maze,"Bali, Indonesia",UI/UX Designer,Director,Full-time,2024-07-30,Kaggle-LinkedIn-Synthetic,7,3
JOB-00430,Ux Researcher,Frog Design,"Bandung, Indonesia",UI/UX Designer,Mid-Senior level,Full-time,2024-12-27,Kaggle-LinkedIn-Synthetic,12,4
JOB-00431,Visual Designer,Zenius,"Tokyo, Japan",UI/UX Designer,Associate,Full-time,2024-07-03,Kaggle-LinkedIn-Synthetic,7,3
JOB-00432,Visual Designer,Adobe,"New York, Ny",UI/UX Designer,Executive,Internship,2024-03-29,Kaggle-LinkedIn-Synthetic,3,1
JOB-00433,Visual Designer,Notion,"Bandung, Indonesia",UI/UX Designer,Associate,Contract,2024-06-30,Kaggle-LinkedIn-Synthetic,6,2
JOB-00434,Design Intern,Frog Design,Singapore,UI/UX Designer,Mid-Senior level,Full-time,2024-05-06,Kaggle-LinkedIn-Synthetic,5,2
JOB-00435,Visual Designer,Pinterest,"Kuala Lumpur, Malaysia",UI/UX Designer,Associate,Full-time,2024-07-03,Kaggle-LinkedIn-Synthetic,7,3
JOB-00436,Ux/Ui Designer,Zenius,"Amsterdam, Netherlands",UI/UX Designer,Director,Freelance,2024-06-11,Kaggle-LinkedIn-Synthetic,6,2
JOB-00437,Product Designer,Spotify,"San Francisco, Ca",UI/UX Designer,Entry level,Contract,2024-07-03,Kaggle-LinkedIn-Synthetic,7,3
JOB-00438,Ux Researcher,IBM,"Bali, Indonesia",UI/UX Designer,Mid-Senior level,Full-time,2024-07-03,Kaggle-LinkedIn-Synthetic,7,3
JOB-00439,Ui Designer,Figma Inc.,"Seattle, Wa",UI/UX Designer,Associate,Full-time,2024-07-03,Kaggle-LinkedIn-Synthetic,7,3
JOB-00440,Ux/Ui Designer,Frog Design,Singapore,UI/UX Designer,Entry level,Freelance,2024-04-13,Kaggle-LinkedIn-Synthetic,4,2
JOB-00441,Visual Designer,Spotify,"Bali, Indonesia",UI/UX Designer,Mid-Senior level,Full-time,2024-02-25,Kaggle-LinkedIn-Synthetic,2,1
JOB-00442,Ux Designer,Meta,Hybrid - Singapore,UI/UX Designer,Mid-Senior level,Full-time,2024-07-03,Kaggle-LinkedIn-Synthetic,7,3
JOB-00443,Lead Product Designer,Tiket.Com,"Bandung, Indonesia",UI/UX Designer,Director,Full-time,2024-02-21,Kaggle-LinkedIn-Synthetic,2,1
JOB-00444,Product Designer,Frog Design,"Yogyakarta, Indonesia",UI/UX Designer,Mid-Senior level,Internship,2024-12-14,Kaggle-LinkedIn-Synthetic,12,4
JOB-00445,UI/UX Designer,Traveloka,"London, Uk",UI/UX Designer,Entry level,Full-time,2024-11-30,Kaggle-LinkedIn-Synthetic,11,4
JOB-00446,Interaction Designer,Ruangguru,"San Francisco, Ca",UI/UX Designer,Mid-Senior level,Internship,2024-06-13,Kaggle-LinkedIn-Synthetic,6,2
JOB-00447,Lead Product Designer,Meta,"Surabaya, Indonesia",UI/UX Designer,Associate,Full-time,2024-11-29,Kaggle-LinkedIn-Synthetic,11,4
JOB-00448,Visual Designer,Microsoft,"Medan, Indonesia",UI/UX Designer,Mid-Senior level,Full-time,2024-07-03,Kaggle-LinkedIn-Synthetic,7,3
JOB-00449,UI/UX Designer,Invision,"Jakarta, Indonesia",UI/UX Designer,Mid-Senior level,Full-time,2024-04-05,Kaggle-LinkedIn-Synthetic,4,2
JOB-00450,UI/UX Designer,Google,"San Francisco, Ca",UI/UX Designer,Executive,Part-time,2024-10-17,Kaggle-LinkedIn-Synthetic,10,4
JOB-00451,Product Designer,Netflix,"Berlin, Germany",UI/UX Designer,Associate,Internship,2024-11-24,Kaggle-LinkedIn-Synthetic,11,4
JOB-00452,Senior UI/UX Designer,IDEO,"Bangkok, Thailand",UI/UX Designer,Director,Full-time,2024-04-08,Kaggle-LinkedIn-Synthetic,4,2
JOB-00453,Product Designer,Traveloka,"Berlin, Germany",UI/UX Designer,Associate,Part-time,2024-11-27,Kaggle-LinkedIn-Synthetic,11,4
JOB-00454,Ux/Ui Designer,Bukalapak,"Jakarta, Indonesia",UI/UX Designer,Associate,Part-time,2024-06-21,Kaggle-LinkedIn-Synthetic,6,2
JOB-00455,Design Intern,Ruangguru,"Medan, Indonesia",UI/UX Designer,Associate,Full-time,2024-11-08,Kaggle-LinkedIn-Synthetic,11,4
JOB-00456,Ux Researcher,Canva,"Surabaya, Indonesia",UI/UX Designer,Associate,Internship,2024-07-03,Kaggle-LinkedIn-Synthetic,7,3
JOB-00457,Senior UI/UX Designer,Shopee,"Amsterdam, Netherlands",UI/UX Designer,Associate,Full-time,2024-06-14,Kaggle-LinkedIn-Synthetic,6,2
JOB-00458,UI/UX Designer,Halodoc,"Austin, Tx",UI/UX Designer,Associate,Contract,2024-07-03,Kaggle-LinkedIn-Synthetic,7,3
JOB-00459,Ui Designer,Notion,"San Francisco, Ca",UI/UX Designer,Entry level,Contract,2024-10-25,Kaggle-LinkedIn-Synthetic,10,4
JOB-00460,Ui Designer,SAP,"Kuala Lumpur, Malaysia",UI/UX Designer,Mid-Senior level,Freelance,2024-02-01,Kaggle-LinkedIn-Synthetic,2,1
JOB-00461,Interaction Designer,Pinterest,"Medan, Indonesia",UI/UX Designer,Mid-Senior level,Full-time,2024-07-26,Kaggle-LinkedIn-Synthetic,7,3
JOB-00462,Ux/Ui Designer,Gojek,Hybrid - Jakarta,UI/UX Designer,Mid-Senior level,Full-time,2024-07-03,Kaggle-LinkedIn-Synthetic,7,3
JOB-00463,Design Intern,Tiket.Com,"Kuala Lumpur, Malaysia",UI/UX Designer,Mid-Senior level,Full-time,2024-07-03,Kaggle-LinkedIn-Synthetic,7,3
JOB-00464,Senior UI/UX Designer,IDEO,Remote,UI/UX Designer,Associate,Full-time,2024-07-10,Kaggle-LinkedIn-Synthetic,7,3
JOB-00465,Ux/Ui Designer,Frog Design,"Jakarta, Id",UI/UX Designer,Associate,Full-time,2024-07-03,Kaggle-LinkedIn-Synthetic,7,3
JOB-00466,Ux Designer,Figma Inc.,"Sydney, Australia",UI/UX Designer,Entry level,Full-time,2024-08-16,Kaggle-LinkedIn-Synthetic,8,3
JOB-00467,Junior UI/UX Designer,Gojek,"Bandung, Indonesia",UI/UX Designer,Mid-Senior level,Full-time,2024-10-07,Kaggle-LinkedIn-Synthetic,10,4
JOB-00468,Design Intern,Grab,"Medan, Indonesia",UI/UX Designer,Associate,Contract,2024-06-16,Kaggle-LinkedIn-Synthetic,6,2
JOB-00469,Junior UI/UX Designer,Zenius,"Seoul, South Korea",UI/UX Designer,Entry level,Full-time,2024-07-03,Kaggle-LinkedIn-Synthetic,7,3
JOB-00470,Visual Designer,Mckinsey Digital,"Bandung, Indonesia",UI/UX Designer,Entry level,Internship,2024-08-20,Kaggle-LinkedIn-Synthetic,8,3
JOB-00471,Visual Designer,Maze,"Berlin, Germany",UI/UX Designer,Entry level,Full-time,2024-10-15,Kaggle-LinkedIn-Synthetic,10,4
JOB-00472,Visual Designer,IDEO,Hybrid - Singapore,UI/UX Designer,Associate,Full-time,2024-06-06,Kaggle-LinkedIn-Synthetic,6,2
JOB-00473,Ux Researcher,Halodoc,"Jakarta, Indonesia",UI/UX Designer,Entry level,Full-time,2024-04-21,Kaggle-LinkedIn-Synthetic,4,2
JOB-00474,UI/UX Designer,Accenture,"Jakarta, Indonesia",UI/UX Designer,Entry level,Full-time,2024-12-24,Kaggle-LinkedIn-Synthetic,12,4
JOB-00475,Visual Designer,Meta,,UI/UX Designer,Associate,Full-time,2024-08-29,Kaggle-LinkedIn-Synthetic,8,3
JOB-00476,Ui Designer,Maze,Remote,UI/UX Designer,Associate,Full-time,2024-07-03,Kaggle-LinkedIn-Synthetic,7,3
JOB-00477,Product Designer,Adobe,"Berlin, Germany",UI/UX Designer,Associate,Internship,2024-07-12,Kaggle-LinkedIn-Synthetic,7,3
JOB-00478,Junior UI/UX Designer,Shopee,Hybrid - Jakarta,UI/UX Designer,Associate,Full-time,2024-06-27,Kaggle-LinkedIn-Synthetic,6,2
JOB-00479,Senior UI/UX Designer,Invision,"Sydney, Australia",UI/UX Designer,Associate,Internship,2024-03-06,Kaggle-LinkedIn-Synthetic,3,1
JOB-00480,UI/UX Designer,Apple,"San Francisco, Ca",UI/UX Designer,Associate,Part-time,2024-08-25,Kaggle-LinkedIn-Synthetic,8,3
JOB-00481,Visual Designer,Adobe,"Kuala Lumpur, Malaysia",UI/UX Designer,Mid-Senior level,Internship,2024-05-06,Kaggle-LinkedIn-Synthetic,5,2
JOB-00482,Product Designer,Grab,"Bangkok, Thailand",UI/UX Designer,Entry level,Contract,2024-04-06,Kaggle-LinkedIn-Synthetic,4,2
JOB-00483,UI/UX Designer,Maze,Remote,UI/UX Designer,Mid-Senior level,Full-time,2024-07-03,Kaggle-LinkedIn-Synthetic,7,3
JOB-00484,Ux Designer,Airbnb,"Yogyakarta, Indonesia",UI/UX Designer,Entry level,Contract,2024-10-31,Kaggle-LinkedIn-Synthetic,10,4
JOB-00485,Interaction Designer,Meta,"Kuala Lumpur, Malaysia",UI/UX Designer,Associate,Internship,2024-01-23,Kaggle-LinkedIn-Synthetic,1,1
JOB-00486,Interaction Designer,Tiket.Com,"Tokyo, Japan",UI/UX Designer,Entry level,Full-time,2024-04-21,Kaggle-LinkedIn-Synthetic,4,2
JOB-00487,Senior UI/UX Designer,Netflix,"Kuala Lumpur, Malaysia",UI/UX Designer,Mid-Senior level,Part-time,2024-07-03,Kaggle-LinkedIn-Synthetic,7,3
JOB-00488,Design Intern,Canva,"Kuala Lumpur, Malaysia",UI/UX Designer,Mid-Senior level,Full-time,2024-07-03,Kaggle-LinkedIn-Synthetic,7,3
JOB-00489,Lead Product Designer,Tiket.Com,"London, Uk",UI/UX Designer,Director,Full-time,2024-06-02,Kaggle-LinkedIn-Synthetic,6,2
JOB-00490,UI/UX Designer,Bukalapak,Hybrid - Jakarta,UI/UX Designer,Mid-Senior level,Full-time,2024-12-13,Kaggle-LinkedIn-Synthetic,12,4
JOB-00491,Visual Designer,Fjord,"Bandung, Indonesia",UI/UX Designer,Director,Full-time,2024-07-03,Kaggle-LinkedIn-Synthetic,7,3
JOB-00492,Visual Designer,Canva,"London, Uk",UI/UX Designer,Director,Full-time,2024-07-28,Kaggle-LinkedIn-Synthetic,7,3
JOB-00493,Ui Designer,Adobe,"Medan, Indonesia",UI/UX Designer,Executive,Full-time,2024-10-02,Kaggle-LinkedIn-Synthetic,10,4
JOB-00494,Ux Designer,Tiket.Com,,UI/UX Designer,Associate,Full-time,2024-07-03,Kaggle-LinkedIn-Synthetic,7,3
JOB-00495,Interaction Designer,Meta,"Tokyo, Japan",UI/UX Designer,Mid-Senior level,Full-time,2024-07-30,Kaggle-LinkedIn-Synthetic,7,3
JOB-00496,Visual Designer,Shopee,"Austin, Tx",UI/UX Designer,Associate,Full-time,2024-05-04,Kaggle-LinkedIn-Synthetic,5,2
JOB-00497,Ux Designer,Notion,Hybrid - Jakarta,UI/UX Designer,Mid-Senior level,Full-time,2024-02-10,Kaggle-LinkedIn-Synthetic,2,1
JOB-00498,Product Designer,Figma Inc.,"Tokyo, Japan",UI/UX Designer,Associate,Contract,2024-04-07,Kaggle-LinkedIn-Synthetic,4,2
JOB-00499,Ui Designer,Adobe,Hybrid - Singapore,UI/UX Designer,Mid-Senior level,Full-time,2024-11-05,Kaggle-LinkedIn-Synthetic,11,4
JOB-00500,Junior UI/UX Designer,Ruangguru,"Seoul, South Korea",UI/UX Designer,Associate,Full-time,2024-07-03,Kaggle-LinkedIn-Synthetic,7,3
JOB-00501,Interaction Designer,Zenius,,UI/UX Designer,Entry level,Full-time,2024-06-04,Kaggle-LinkedIn-Synthetic,6,2
JOB-00502,Ux Designer,Ruangguru,"Yogyakarta, Indonesia",UI/UX Designer,Entry level,Full-time,2024-09-02,Kaggle-LinkedIn-Synthetic,9,3
JOB-00503,Ux/Ui Designer,Zenius,,UI/UX Designer,Associate,Full-time,2024-05-02,Kaggle-LinkedIn-Synthetic,5,2
JOB-00504,Ui Designer,Adobe,"Berlin, Germany",UI/UX Designer,Director,Full-time,2024-09-30,Kaggle-LinkedIn-Synthetic,9,3
JOB-00505,Ui Designer,Halodoc,"Seattle, Wa",UI/UX Designer,Associate,Full-time,2024-09-19,Kaggle-LinkedIn-Synthetic,9,3
JOB-00506,Interaction Designer,Tokopedia,Hybrid- Singapore,UI/UX Designer,Associate,Full-time,2024-07-03,Kaggle-LinkedIn-Synthetic,7,3
JOB-00507,Product Designer,Canva,"London, Uk",UI/UX Designer,Mid-Senior level,Contract,2024-01-24,Kaggle-LinkedIn-Synthetic,1,1
JOB-00508,Ux/Ui Designer,Grab,,UI/UX Designer,Associate,Freelance,2024-07-03,Kaggle-LinkedIn-Synthetic,7,3
JOB-00509,Ui Designer,Grab,Singapore,UI/UX Designer,Mid-Senior level,Full-time,2024-06-17,Kaggle-LinkedIn-Synthetic,6,2
JOB-00510,Ux Researcher,Kitabisa,Hybrid - Jakarta,UI/UX Designer,Mid-Senior level,Internship,2024-10-08,Kaggle-LinkedIn-Synthetic,10,4
JOB-00511,Ui Designer,Fjord,Hybrid - Jakarta,UI/UX Designer,Executive,Full-time,2024-09-08,Kaggle-LinkedIn-Synthetic,9,3
JOB-00512,Senior UI/UX Designer,IBM,"Medan, Indonesia",UI/UX Designer,Mid-Senior level,Full-time,2024-03-12,Kaggle-LinkedIn-Synthetic,3,1
JOB-00513,Senior UI/UX Designer,Meta,"Sydney, Australia",UI/UX Designer,Mid-Senior level,Internship,2024-01-18,Kaggle-LinkedIn-Synthetic,1,1
JOB-00514,Lead Product Designer,Meta,"Jakarta, Indonesia",UI/UX Designer,Associate,Full-time,2024-07-30,Kaggle-LinkedIn-Synthetic,7,3
JOB-00515,Lead Product Designer,Tiket.Com,"Surabaya, Indonesia",UI/UX Designer,Mid-Senior level,Full-time,2024-12-28,Kaggle-LinkedIn-Synthetic,12,4
JOB-00516,UI/UX Designer,Zenius,,UI/UX Designer,Executive,Full-time,2024-08-21,Kaggle-LinkedIn-Synthetic,8,3
JOB-00517,UI/UX Designer,Frog Design,,UI/UX Designer,Associate,Full-time,2024-09-06,Kaggle-LinkedIn-Synthetic,9,3
JOB-00518,UI/UX Designer,Maze,,UI/UX Designer,Entry level,Full-time,2024-01-09,Kaggle-LinkedIn-Synthetic,1,1
JOB-00519,Visual Designer,Netflix,"Jakarta, Indonesia",UI/UX Designer,Mid-Senior level,Contract,2024-09-14,Kaggle-LinkedIn-Synthetic,9,3
JOB-00520,Senior UI/UX Designer,Tokopedia,"Yogyakarta, Indonesia",UI/UX Designer,Entry level,Freelance,2024-09-25,Kaggle-LinkedIn-Synthetic,9,3
JOB-00521,Ux Designer,Ruangguru,Remote,UI/UX Designer,Associate,Internship,2024-09-26,Kaggle-LinkedIn-Synthetic,9,3
JOB-00522,Product Designer,Spotify,"Austin, Tx",UI/UX Designer,Associate,Full-time,2024-02-10,Kaggle-LinkedIn-Synthetic,2,1
JOB-00523,Ux Researcher,IDEO,"Seoul, South Korea",UI/UX Designer,Entry level,Full-time,2024-05-04,Kaggle-LinkedIn-Synthetic,5,2
JOB-00524,Ui Designer,Figma Inc.,Hybrid - Jakarta,UI/UX Designer,Mid-Senior level,Full-time,2024-11-28,Kaggle-LinkedIn-Synthetic,11,4
JOB-00525,Junior UI/UX Designer,Invision,"Austin, Tx",UI/UX Designer,Associate,Full-time,2024-07-12,Kaggle-LinkedIn-Synthetic,7,3
JOB-00526,UI/UX Designer,Google,Hybrid - Jakarta,UI/UX Designer,Associate,Part-time,2024-02-12,Kaggle-LinkedIn-Synthetic,2,1
JOB-00527,Ux Researcher,Notion,"Seoul, South Korea",UI/UX Designer,Associate,Full-time,2024-02-18,Kaggle-LinkedIn-Synthetic,2,1
JOB-00528,Ux Designer,Zenius,"Seoul, South Korea",UI/UX Designer,Associate,Full-time,2024-08-31,Kaggle-LinkedIn-Synthetic,8,3
JOB-00529,UI/UX Designer,Airbnb,Hybrid - Singapore,UI/UX Designer,Mid-Senior level,Full-time,2024-05-23,Kaggle-LinkedIn-Synthetic,5,2
JOB-00530,Senior UI/UX Designer,Canva,"Jakarta, Indonesia",UI/UX Designer,Associate,Full-time,2024-04-16,Kaggle-LinkedIn-Synthetic,4,2
JOB-00531,Ux/Ui Designer,Invision,"Surabaya, Indonesia",UI/UX Designer,Associate,Contract,2024-06-02,Kaggle-LinkedIn-Synthetic,6,2
JOB-00532,Design Intern,Kitabisa,"Seoul, South Korea",UI/UX Designer,Associate,Internship,2024-07-18,Kaggle-LinkedIn-Synthetic,7,3
JOB-00533,Ux Researcher,Shopee,"Surabaya, Indonesia",UI/UX Designer,Associate,Full-time,2024-09-13,Kaggle-LinkedIn-Synthetic,9,3
JOB-00534,UI/UX Designer,Tokopedia,"London, Uk",UI/UX Designer,Entry level,Internship,2024-04-28,Kaggle-LinkedIn-Synthetic,4,2
JOB-00535,Product Designer,Invision,"New York, Ny",UI/UX Designer,Mid-Senior level,Internship,2024-07-03,Kaggle-LinkedIn-Synthetic,7,3
JOB-00536,Interaction Designer,Fjord,"Kuala Lumpur, Malaysia",UI/UX Designer,Associate,Full-time,2024-07-01,Kaggle-LinkedIn-Synthetic,7,3
JOB-00537,Ux Researcher,Bukalapak,Hybrid - Singapore,UI/UX Designer,Entry level,Internship,2024-10-26,Kaggle-LinkedIn-Synthetic,10,4
JOB-00538,Junior UI/UX Designer,Netflix,Remote,UI/UX Designer,Mid-Senior level,Full-time,2024-02-07,Kaggle-LinkedIn-Synthetic,2,1
JOB-00539,Ui Designer,Grab,"Austin, Tx",UI/UX Designer,Mid-Senior level,Full-time,2024-12-30,Kaggle-LinkedIn-Synthetic,12,4
JOB-00540,Ux/Ui Designer,Adobe,"New York, Ny",UI/UX Designer,Mid-Senior level,Full-time,2024-07-03,Kaggle-LinkedIn-Synthetic,7,3
JOB-00541,Junior UI/UX Designer,Google,"San Francisco, Ca",UI/UX Designer,Mid-Senior level,Contract,2024-08-15,Kaggle-LinkedIn-Synthetic,8,3
JOB-00542,Ui Designer,Tokopedia,"Bali, Indonesia",UI/UX Designer,Entry level,Contract,2024-02-14,Kaggle-LinkedIn-Synthetic,2,1
JOB-00543,Ux Researcher,Mckinsey Digital,"Tokyo, Japan",UI/UX Designer,Executive,Full-time,2024-10-11,Kaggle-LinkedIn-Synthetic,10,4
JOB-00544,Junior UI/UX Designer,Apple,,UI/UX Designer,Mid-Senior level,Freelance,2024-06-30,Kaggle-LinkedIn-Synthetic,6,2
JOB-00545,Design Intern,Canva,"Austin, Tx",UI/UX Designer,Associate,Contract,2024-01-07,Kaggle-LinkedIn-Synthetic,1,1
JOB-00546,Ux Researcher,Adobe,,UI/UX Designer,Associate,Full-time,2024-10-13,Kaggle-LinkedIn-Synthetic,10,4
JOB-00547,Design Intern,Traveloka,Hybrid - Singapore,UI/UX Designer,Mid-Senior level,Full-time,2024-07-13,Kaggle-LinkedIn-Synthetic,7,3
JOB-00548,Senior UI/UX Designer,Spotify,"San Francisco, Ca",UI/UX Designer,Mid-Senior level,Contract,2024-05-17,Kaggle-LinkedIn-Synthetic,5,2
JOB-00549,Senior UI/UX Designer,Airbnb,"Jakarta, Indonesia",UI/UX Designer,Associate,Full-time,2024-08-10,Kaggle-LinkedIn-Synthetic,8,3
JOB-00550,Ux Researcher,Pinterest,,UI/UX Designer,Director,Internship,2024-02-09,Kaggle-LinkedIn-Synthetic,2,1
JOB-00551,Ui Designer,Kitabisa,Hybrid - Jakarta,UI/UX Designer,Associate,Full-time,2024-09-10,Kaggle-LinkedIn-Synthetic,9,3
JOB-00552,Interaction Designer,Tokopedia,"Bali, Indonesia",UI/UX Designer,Entry level,Internship,2024-06-04,Kaggle-LinkedIn-Synthetic,6,2
JOB-00553,Ux Researcher,Notion,Remote,UI/UX Designer,Mid-Senior level,Internship,2024-07-03,Kaggle-LinkedIn-Synthetic,7,3
JOB-00554,Interaction Designer,Notion,"London, Uk",UI/UX Designer,Associate,Full-time,2024-11-29,Kaggle-LinkedIn-Synthetic,11,4
JOB-00555,Ui Designer,Canva,Remote,UI/UX Designer,Associate,Freelance,2024-12-21,Kaggle-LinkedIn-Synthetic,12,4
JOB-00556,Interaction Designer,Canva,"Medan, Indonesia",UI/UX Designer,Associate,Internship,2024-07-22,Kaggle-LinkedIn-Synthetic,7,3
JOB-00557,Ui Designer,Fjord,"Seoul, South Korea",UI/UX Designer,Associate,Contract,2024-05-04,Kaggle-LinkedIn-Synthetic,5,2
JOB-00558,Ux Researcher,Spotify,"Austin, Tx",UI/UX Designer,Entry level,Full-time,2024-07-05,Kaggle-LinkedIn-Synthetic,7,3
JOB-00559,Design Intern,Ruangguru,"Seoul, South Korea",UI/UX Designer,Mid-Senior level,Full-time,2024-10-06,Kaggle-LinkedIn-Synthetic,10,4
JOB-00560,Lead Product Designer,Apple,"Berlin, Germany",UI/UX Designer,Entry level,Internship,2024-12-28,Kaggle-LinkedIn-Synthetic,12,4
JOB-00561,Interaction Designer,Netflix,"Surabaya, Indonesia",UI/UX Designer,Mid-Senior level,Full-time,2024-07-03,Kaggle-LinkedIn-Synthetic,7,3
JOB-00562,Senior UI/UX Designer,Pinterest,"Kuala Lumpur, Malaysia",UI/UX Designer,Director,Part-time,2024-05-09,Kaggle-LinkedIn-Synthetic,5,2
JOB-00563,Ux/Ui Designer,Accenture,"Austin, Tx",UI/UX Designer,Associate,Full-time,2024-07-03,Kaggle-LinkedIn-Synthetic,7,3
JOB-00564,Design Intern,Frog Design,"Seoul, South Korea",UI/UX Designer,Entry level,Full-time,2024-07-24,Kaggle-LinkedIn-Synthetic,7,3
JOB-00565,Visual Designer,Microsoft,"Seattle, Wa",UI/UX Designer,Entry level,Full-time,2024-07-03,Kaggle-LinkedIn-Synthetic,7,3
JOB-00566,Junior UI/UX Designer,Kitabisa,Hybrid - Singapore,UI/UX Designer,Entry level,Contract,2024-12-06,Kaggle-LinkedIn-Synthetic,12,4
JOB-00567,Senior UI/UX Designer,Microsoft,"Seoul, South Korea",UI/UX Designer,Mid-Senior level,Full-time,2024-11-26,Kaggle-LinkedIn-Synthetic,11,4
JOB-00568,Product Designer,Accenture,"Yogyakarta, Indonesia",UI/UX Designer,Associate,Full-time,2024-01-06,Kaggle-LinkedIn-Synthetic,1,1
JOB-00569,Ui Designer,Tiket.Com,"Jakarta, Indonesia",UI/UX Designer,Executive,Contract,2024-09-22,Kaggle-LinkedIn-Synthetic,9,3
JOB-00570,Interaction Designer,SAP,"Austin, Tx",UI/UX Designer,Entry level,Contract,2024-08-25,Kaggle-LinkedIn-Synthetic,8,3
JOB-00571,Product Designer,Apple,Remote,UI/UX Designer,Mid-Senior level,Freelance,2024-02-23,Kaggle-LinkedIn-Synthetic,2,1
JOB-00572,Ux Researcher,Figma Inc.,"Yogyakarta, Indonesia",UI/UX Designer,Entry level,Freelance,2024-03-13,Kaggle-LinkedIn-Synthetic,3,1
JOB-00573,Ui Designer,Notion,"Berlin, Germany",UI/UX Designer,Associate,Full-time,2024-04-15,Kaggle-LinkedIn-Synthetic,4,2
JOB-00574,Product Designer,Frog Design,"Yogyakarta, Indonesia",UI/UX Designer,Executive,Internship,2024-08-12,Kaggle-LinkedIn-Synthetic,8,3
JOB-00575,Product Designer,Airbnb,"San Francisco, Ca",UI/UX Designer,Entry level,Internship,2024-01-23,Kaggle-LinkedIn-Synthetic,1,1
JOB-00576,UI/UX Designer,Notion,Hybrid - Jakarta,UI/UX Designer,Mid-Senior level,Full-time,2024-02-25,Kaggle-LinkedIn-Synthetic,2,1
JOB-00577,Ux/Ui Designer,Kitabisa,"Sydney, Australia",UI/UX Designer,Mid-Senior level,Contract,2024-03-30,Kaggle-LinkedIn-Synthetic,3,1
JOB-00578,Product Designer,Accenture,"Berlin, Germany",UI/UX Designer,Mid-Senior level,Full-time,2024-04-28,Kaggle-LinkedIn-Synthetic,4,2
JOB-00579,Lead Product Designer,Bukalapak,"Medan, Indonesia",UI/UX Designer,Director,Full-time,2024-11-23,Kaggle-LinkedIn-Synthetic,11,4
JOB-00580,Ux Researcher,Apple,Remote,UI/UX Designer,Mid-Senior level,Full-time,2024-07-03,Kaggle-LinkedIn-Synthetic,7,3
JOB-00581,Design Intern,Accenture,,UI/UX Designer,Mid-Senior level,Full-time,2024-01-03,Kaggle-LinkedIn-Synthetic,1,1
JOB-00582,Ux Designer,Spotify,"Surabaya, Indonesia",UI/UX Designer,Mid-Senior level,Freelance,2024-10-22,Kaggle-LinkedIn-Synthetic,10,4
JOB-00583,Visual Designer,Bukalapak,"Seattle, Wa",UI/UX Designer,Mid-Senior level,Full-time,2024-07-03,Kaggle-LinkedIn-Synthetic,7,3
JOB-00584,Interaction Designer,Gojek,"Bangkok, Thailand",UI/UX Designer,Associate,Full-time,2024-12-09,Kaggle-LinkedIn-Synthetic,12,4
JOB-00585,Visual Designer,Canva,Remote,UI/UX Designer,Mid-Senior level,Full-time,2024-07-17,Kaggle-LinkedIn-Synthetic,7,3
JOB-00586,Design Intern,Gojek,"Seattle, Wa",UI/UX Designer,Mid-Senior level,Full-time,2024-06-29,Kaggle-LinkedIn-Synthetic,6,2
JOB-00587,Design Intern,Bukalapak,Hybrid - Singapore,UI/UX Designer,Mid-Senior level,Full-time,2024-07-03,Kaggle-LinkedIn-Synthetic,7,3
JOB-00588,Design Intern,Figma Inc.,Hybrid - Singapore,UI/UX Designer,Director,Contract,2024-03-09,Kaggle-LinkedIn-Synthetic,3,1
JOB-00589,Junior UI/UX Designer,Kitabisa,"San Francisco, Ca",UI/UX Designer,Entry level,Contract,2024-02-29,Kaggle-LinkedIn-Synthetic,2,1
JOB-00590,Product Designer,Grab,"Sydney, Australia",UI/UX Designer,Mid-Senior level,Full-time,2024-07-17,Kaggle-LinkedIn-Synthetic,7,3
JOB-00591,Design Intern,Shopee,"Seoul, South Korea",UI/UX Designer,Entry level,Contract,2024-07-15,Kaggle-LinkedIn-Synthetic,7,3
JOB-00592,Senior UI/UX Designer,Fjord,Hybrid - Jakarta,UI/UX Designer,Associate,Full-time,2024-10-02,Kaggle-LinkedIn-Synthetic,10,4
JOB-00593,Visual Designer,Traveloka,"Amsterdam, Netherlands",UI/UX Designer,Associate,Internship,2024-07-03,Kaggle-LinkedIn-Synthetic,7,3
JOB-00594,Senior UI/UX Designer,Canva,"Berlin, Germany",UI/UX Designer,Director,Full-time,2024-11-13,Kaggle-LinkedIn-Synthetic,11,4
JOB-00595,Product Designer,Google,"Amsterdam, Netherlands",UI/UX Designer,Entry level,Internship,2024-03-10,Kaggle-LinkedIn-Synthetic,3,1
JOB-00596,Ux Researcher,Fjord,"London, Uk",UI/UX Designer,Mid-Senior level,Full-time,2024-07-03,Kaggle-LinkedIn-Synthetic,7,3
JOB-00597,Ux Researcher,Mckinsey Digital,"Amsterdam, Netherlands",UI/UX Designer,Director,Internship,2024-03-26,Kaggle-LinkedIn-Synthetic,3,1
JOB-00598,Design Intern,Apple,"Kuala Lumpur, Malaysia",UI/UX Designer,Entry level,Full-time,2024-05-29,Kaggle-LinkedIn-Synthetic,5,2
JOB-00599,Ui Designer,Tiket.Com,"Tokyo, Japan",UI/UX Designer,Entry level,Full-time,2024-07-03,Kaggle-LinkedIn-Synthetic,7,3
JOB-00600,Interaction Designer,Fjord,"Tokyo, Japan",UI/UX Designer,Executive,Full-time,2024-09-18,Kaggle-LinkedIn-Synthetic,9,3
